Test Case,Layout Type,Wall Density,Algorithm,Time (ms),Nodes Visited,Path Length,Success
1,Random,18.5%,ml,0.50,18,12.24,Yes
1,Random,18.5%,ml_dynamic,0.30,36,16.24,Yes
2,Random,19.5%,ml,0.40,36,12.41,Yes
2,Random,19.5%,ml_dynamic,0.20,13,11.24,Yes
3,Random,19.5%,ml,0.30,22,19.49,Yes
3,Random,19.5%,ml_dynamic,0.10,10,8.24,Yes
4,Random,19.3%,ml,0.10,33,12.83,Yes
4,Random,19.3%,ml_dynamic,0.20,59,20.49,Yes
5,Random,19.5%,ml,0.40,1,0,No
5,Random,19.5%,ml_dynamic,0.10,14,11.66,Yes
6,Random,16.3%,ml,0.20,22,11.83,Yes
6,Random,16.3%,ml_dynamic,0.10,24,12.00,Yes
7,Random,18.5%,ml,0.10,8,8.66,Yes
7,Random,18.5%,ml_dynamic,0.10,9,10.49,Yes
8,Random,19.8%,ml,0.10,69,20.24,Yes
8,Random,19.8%,ml_dynamic,0.00,20,15.66,Yes
9,Random,22.0%,ml,0.20,84,20.24,Yes
9,Random,22.0%,ml_dynamic,0.20,17,15.83,Yes
10,Random,22.8%,ml,0.40,111,22.24,Yes
10,Random,22.8%,ml_dynamic,0.10,51,21.07,Yes
11,Random,20.8%,ml,0.30,22,16.83,Yes
11,Random,20.8%,ml_dynamic,0.20,30,19.66,Yes
12,Random,20.8%,ml,0.40,25,16.83,Yes
12,Random,20.8%,ml_dynamic,0.20,36,15.24,Yes
13,Random,21.0%,ml,0.50,73,28.07,Yes
13,Random,21.0%,ml_dynamic,0.20,23,10.24,Yes
14,Random,21.8%,ml,0.30,21,15.41,Yes
14,Random,21.8%,ml_dynamic,0.20,14,14.90,Yes
15,Random,19.3%,ml,0.10,15,16.07,Yes
15,Random,19.3%,ml_dynamic,0.20,16,12.24,Yes
16,Random,19.0%,ml,0.30,14,9.41,Yes
16,Random,19.0%,ml_dynamic,0.40,33,20.00,Yes
17,Random,18.3%,ml,0.30,23,11.24,Yes
17,Random,18.3%,ml_dynamic,0.20,26,21.90,Yes
18,Random,20.0%,ml,0.30,32,14.41,Yes
18,Random,20.0%,ml_dynamic,0.10,18,19.31,Yes
19,Random,19.5%,ml,0.30,11,8.83,Yes
19,Random,19.5%,ml_dynamic,0.10,14,12.07,Yes
20,Random,18.3%,ml,2.20,20,10.00,Yes
20,Random,18.3%,ml_dynamic,0.00,18,16.90,Yes
21,Random,19.5%,ml,0.30,21,13.24,Yes
21,Random,19.5%,ml_dynamic,0.10,23,10.83,Yes
22,Random,16.5%,ml,0.60,39,22.07,Yes
22,Random,16.5%,ml_dynamic,0.20,20,16.49,Yes
23,Random,21.8%,ml,0.10,21,14.41,Yes
23,Random,21.8%,ml_dynamic,0.10,29,14.07,Yes
24,Random,21.3%,ml,0.30,10,10.24,Yes
24,Random,21.3%,ml_dynamic,0.10,26,20.31,Yes
25,Random,17.0%,ml,0.20,39,20.66,Yes
25,Random,17.0%,ml_dynamic,0.30,13,11.24,Yes
26,Random,21.0%,ml,0.20,40,19.66,Yes
26,Random,21.0%,ml_dynamic,0.10,23,17.66,Yes
27,Random,22.0%,ml,0.50,27,11.00,Yes
27,Random,22.0%,ml_dynamic,0.10,10,9.66,Yes
28,Random,19.0%,ml,0.30,28,17.41,Yes
28,Random,19.0%,ml_dynamic,0.10,18,10.41,Yes
29,Random,19.8%,ml,0.30,26,12.00,Yes
29,Random,19.8%,ml_dynamic,0.30,46,15.83,Yes
30,Random,22.8%,ml,0.10,12,11.83,Yes
30,Random,22.8%,ml_dynamic,0.10,26,14.83,Yes
31,Random,21.0%,ml,0.20,60,22.41,Yes
31,Random,21.0%,ml_dynamic,0.10,13,11.83,Yes
32,Random,19.8%,ml,0.20,21,10.83,Yes
32,Random,19.8%,ml_dynamic,0.00,35,16.24,Yes
33,Random,19.5%,ml,0.40,28,14.24,Yes
33,Random,19.5%,ml_dynamic,0.10,47,18.24,Yes
34,Random,18.0%,ml,0.40,11,12.07,Yes
34,Random,18.0%,ml_dynamic,0.20,50,21.66,Yes
35,Random,21.0%,ml,0.50,29,21.66,Yes
35,Random,21.0%,ml_dynamic,0.20,14,12.41,Yes
36,Random,21.3%,ml,0.50,24,10.41,Yes
36,Random,21.3%,ml_dynamic,0.30,64,21.49,Yes
37,Random,22.5%,ml,0.20,41,18.24,Yes
37,Random,22.5%,ml_dynamic,0.30,33,15.83,Yes
38,Random,21.5%,ml,0.20,8,7.83,Yes
38,Random,21.5%,ml_dynamic,0.50,73,19.49,Yes
39,Random,24.3%,ml,0.40,1,0,No
39,Random,24.3%,ml_dynamic,0.30,49,19.24,Yes
40,Random,18.5%,ml,0.20,22,17.07,Yes
40,Random,18.5%,ml_dynamic,0.40,26,23.49,Yes
41,Random,20.8%,ml,0.30,48,22.24,Yes
41,Random,20.8%,ml_dynamic,0.20,43,14.83,Yes
42,Random,23.0%,ml,0.20,78,23.66,Yes
42,Random,23.0%,ml_dynamic,0.10,10,9.83,Yes
43,Random,21.8%,ml,0.10,13,12.66,Yes
43,Random,21.8%,ml_dynamic,0.20,12,9.41,Yes
44,Random,21.8%,ml,0.10,20,18.66,Yes
44,Random,21.8%,ml_dynamic,0.20,30,20.90,Yes
45,Random,17.8%,ml,0.50,66,17.24,Yes
45,Random,17.8%,ml_dynamic,0.20,9,8.41,Yes
46,Random,20.3%,ml,0.20,10,10.07,Yes
46,Random,20.3%,ml_dynamic,0.10,10,0,No
47,Random,19.8%,ml,0.10,1,0,No
47,Random,19.8%,ml_dynamic,0.20,27,13.83,Yes
48,Random,19.3%,ml,0.20,28,11.66,Yes
48,Random,19.3%,ml_dynamic,0.30,77,20.66,Yes
49,Random,20.3%,ml,0.10,19,19.07,Yes
49,Random,20.3%,ml_dynamic,0.10,22,21.90,Yes
50,Random,22.5%,ml,0.10,18,13.24,Yes
50,Random,22.5%,ml_dynamic,0.30,18,11.83,Yes
51,Random,13.3%,ml,0.30,26,18.07,Yes
51,Random,13.3%,ml_dynamic,0.20,11,12.49,Yes
52,Random,19.3%,ml,0.40,18,10.41,Yes
52,Random,19.3%,ml_dynamic,0.40,65,19.66,Yes
53,Random,25.5%,ml,0.20,15,15.66,Yes
53,Random,25.5%,ml_dynamic,0.00,23,21.07,Yes
54,Random,18.8%,ml,0.30,29,16.83,Yes
54,Random,18.8%,ml_dynamic,0.10,15,9.83,Yes
55,Random,20.0%,ml,0.30,34,16.24,Yes
55,Random,20.0%,ml_dynamic,0.70,24,13.24,Yes
56,Random,18.8%,ml,0.10,10,10.66,Yes
56,Random,18.8%,ml_dynamic,0.10,40,15.41,Yes
57,Random,16.8%,ml,0.30,28,19.49,Yes
57,Random,16.8%,ml_dynamic,0.20,8,8.24,Yes
58,Random,16.5%,ml,0.40,13,12.24,Yes
58,Random,16.5%,ml_dynamic,0.20,79,18.24,Yes
59,Random,18.3%,ml,0.30,11,8.83,Yes
59,Random,18.3%,ml_dynamic,0.20,11,12.49,Yes
60,Random,20.0%,ml,0.50,8,8.66,Yes
60,Random,20.0%,ml_dynamic,0.10,20,14.24,Yes
61,Random,29.8%,ml,0.20,16,12.66,Yes
61,Random,29.8%,ml_dynamic,0.00,20,14.83,Yes
62,Random,30.0%,ml,0.20,4,0,No
62,Random,30.0%,ml_dynamic,0.10,4,0,No
63,Random,28.0%,ml,0.40,13,10.00,Yes
63,Random,28.0%,ml_dynamic,0.20,10,11.07,Yes
64,Random,27.0%,ml,0.40,40,16.83,Yes
64,Random,27.0%,ml_dynamic,0.20,28,15.83,Yes
65,Random,28.7%,ml,0.70,259,0,No
65,Random,28.7%,ml_dynamic,0.30,24,10.49,Yes
66,Random,28.2%,ml,0.10,21,14.24,Yes
66,Random,28.2%,ml_dynamic,0.10,22,12.83,Yes
67,Random,28.2%,ml,0.60,109,23.66,Yes
67,Random,28.2%,ml_dynamic,0.30,121,26.66,Yes
68,Random,31.5%,ml,0.20,32,13.41,Yes
68,Random,31.5%,ml_dynamic,0.20,31,17.66,Yes
69,Random,32.3%,ml,0.30,32,20.24,Yes
69,Random,32.3%,ml_dynamic,0.20,16,0,No
70,Random,34.5%,ml,0.20,10,9.83,Yes
70,Random,34.5%,ml_dynamic,0.40,65,23.24,Yes
71,Random,33.5%,ml,0.60,245,0,No
71,Random,33.5%,ml_dynamic,0.10,17,12.41,Yes
72,Random,31.0%,ml,0.20,35,19.24,Yes
72,Random,31.0%,ml_dynamic,0.10,49,23.24,Yes
73,Random,31.3%,ml,0.20,40,21.83,Yes
73,Random,31.3%,ml_dynamic,0.10,43,18.66,Yes
74,Random,30.3%,ml,0.10,50,13.24,Yes
74,Random,30.3%,ml_dynamic,0.30,32,18.49,Yes
75,Random,33.5%,ml,0.30,20,11.83,Yes
75,Random,33.5%,ml_dynamic,0.10,26,22.24,Yes
76,Random,28.5%,ml,0.30,104,19.24,Yes
76,Random,28.5%,ml_dynamic,0.00,30,15.66,Yes
77,Random,32.5%,ml,0.20,57,18.66,Yes
77,Random,32.5%,ml_dynamic,0.20,27,15.41,Yes
78,Random,33.3%,ml,0.30,43,22.41,Yes
78,Random,33.3%,ml_dynamic,0.10,67,23.83,Yes
79,Random,31.3%,ml,0.30,50,18.41,Yes
79,Random,31.3%,ml_dynamic,0.10,96,19.83,Yes
80,Random,32.3%,ml,0.30,250,0,No
80,Random,32.3%,ml_dynamic,0.20,101,30.66,Yes
81,Random,31.3%,ml,0.40,13,8.41,Yes
81,Random,31.3%,ml_dynamic,0.00,1,0,No
82,Random,30.3%,ml,0.30,35,15.66,Yes
82,Random,30.3%,ml_dynamic,0.30,67,25.66,Yes
83,Random,31.0%,ml,0.30,42,0,No
83,Random,31.0%,ml_dynamic,0.20,103,30.66,Yes
84,Random,32.0%,ml,0.30,20,12.83,Yes
84,Random,32.0%,ml_dynamic,0.10,24,13.83,Yes
85,Random,29.0%,ml,0.30,43,16.24,Yes
85,Random,29.0%,ml_dynamic,0.10,1,0,No
86,Random,32.8%,ml,0.50,232,0,No
86,Random,32.8%,ml_dynamic,0.20,13,9.83,Yes
87,Random,26.8%,ml,0.30,15,16.49,Yes
87,Random,26.8%,ml_dynamic,0.00,11,8.41,Yes
88,Random,32.0%,ml,0.30,34,15.66,Yes
88,Random,32.0%,ml_dynamic,0.00,1,0,No
89,Random,30.5%,ml,0.30,78,25.07,Yes
89,Random,30.5%,ml_dynamic,0.40,211,43.56,Yes
90,Random,32.3%,ml,0.30,37,14.83,Yes
90,Random,32.3%,ml_dynamic,0.10,22,19.07,Yes
91,Random,31.0%,ml,0.10,49,16.41,Yes
91,Random,31.0%,ml_dynamic,0.10,15,10.83,Yes
92,Random,32.0%,ml,0.10,34,19.41,Yes
92,Random,32.0%,ml_dynamic,0.10,28,16.24,Yes
93,Random,27.8%,ml,0.20,30,27.90,Yes
93,Random,27.8%,ml_dynamic,0.10,23,13.41,Yes
94,Random,30.3%,ml,0.10,9,7.41,Yes
94,Random,30.3%,ml_dynamic,0.10,31,20.31,Yes
95,Random,31.8%,ml,0.10,19,13.83,Yes
95,Random,31.8%,ml_dynamic,0.10,14,8.83,Yes
96,Random,27.5%,ml,0.10,45,17.83,Yes
96,Random,27.5%,ml_dynamic,0.00,20,12.41,Yes
97,Random,30.0%,ml,0.10,23,21.66,Yes
97,Random,30.0%,ml_dynamic,0.00,50,19.24,Yes
98,Random,26.5%,ml,0.20,8,7.00,Yes
98,Random,26.5%,ml_dynamic,0.10,16,11.00,Yes
99,Random,29.5%,ml,0.30,250,0,No
99,Random,29.5%,ml_dynamic,0.10,29,20.66,Yes
100,Random,25.3%,ml,0.10,29,17.66,Yes
100,Random,25.3%,ml_dynamic,0.10,16,11.41,Yes
101,Random,25.5%,ml,0.10,12,11.83,Yes
101,Random,25.5%,ml_dynamic,0.00,14,10.83,Yes
102,Random,32.5%,ml,0.10,39,15.83,Yes
102,Random,32.5%,ml_dynamic,0.10,28,18.24,Yes
103,Random,30.3%,ml,0.40,256,0,No
103,Random,30.3%,ml_dynamic,0.10,1,0,No
104,Random,31.3%,ml,0.50,54,17.41,Yes
104,Random,31.3%,ml_dynamic,0.20,17,15.66,Yes
105,Random,30.3%,ml,0.30,69,19.07,Yes
105,Random,30.3%,ml_dynamic,0.20,3,0,No
106,Random,28.7%,ml,0.50,133,25.07,Yes
106,Random,28.7%,ml_dynamic,0.10,21,9.83,Yes
107,Random,29.8%,ml,0.40,122,36.24,Yes
107,Random,29.8%,ml_dynamic,0.20,10,10.66,Yes
108,Random,28.2%,ml,0.20,34,20.24,Yes
108,Random,28.2%,ml_dynamic,0.20,16,10.41,Yes
109,Random,29.0%,ml,0.40,134,34.90,Yes
109,Random,29.0%,ml_dynamic,0.20,79,21.90,Yes
110,Random,35.3%,ml,0.30,20,16.41,Yes
110,Random,35.3%,ml_dynamic,0.30,73,24.66,Yes
111,Random,27.0%,ml,0.20,21,15.24,Yes
111,Random,27.0%,ml_dynamic,0.10,25,18.83,Yes
112,Random,28.0%,ml,0.30,25,20.73,Yes
112,Random,28.0%,ml_dynamic,0.20,14,14.07,Yes
113,Random,34.5%,ml,0.80,204,0,No
113,Random,34.5%,ml_dynamic,0.10,36,29.90,Yes
114,Random,28.5%,ml,0.30,18,15.83,Yes
114,Random,28.5%,ml_dynamic,0.10,12,13.49,Yes
115,Random,31.0%,ml,0.50,37,15.83,Yes
115,Random,31.0%,ml_dynamic,0.20,34,17.24,Yes
116,Random,26.5%,ml,0.30,19,11.41,Yes
116,Random,26.5%,ml_dynamic,0.20,18,0,No
117,Random,37.3%,ml,0.40,159,0,No
117,Random,37.3%,ml_dynamic,0.20,18,11.41,Yes
118,Random,28.5%,ml,0.50,241,0,No
118,Random,28.5%,ml_dynamic,0.20,33,20.41,Yes
119,Random,29.8%,ml,0.40,145,22.41,Yes
119,Random,29.8%,ml_dynamic,0.40,9,8.83,Yes
120,Random,33.0%,ml,0.20,21,11.24,Yes
120,Random,33.0%,ml_dynamic,0.20,31,14.83,Yes
121,Random,38.0%,ml,0.20,71,31.07,Yes
121,Random,38.0%,ml_dynamic,0.10,83,42.49,Yes
122,Random,42.0%,ml,0.20,100,0,No
122,Random,42.0%,ml_dynamic,0.10,4,0,No
123,Random,38.3%,ml,0.10,8,0,No
123,Random,38.3%,ml_dynamic,0.40,87,27.66,Yes
124,Random,36.5%,ml,0.30,56,23.24,Yes
124,Random,36.5%,ml_dynamic,0.20,64,26.41,Yes
125,Random,39.5%,ml,0.50,175,0,No
125,Random,39.5%,ml_dynamic,0.10,1,0,No
126,Random,39.0%,ml,0.30,4,0,No
126,Random,39.0%,ml_dynamic,0.20,26,12.83,Yes
127,Random,43.3%,ml,0.30,82,0,No
127,Random,43.3%,ml_dynamic,0.10,1,0,No
128,Random,42.8%,ml,0.30,55,31.66,Yes
128,Random,42.8%,ml_dynamic,0.10,18,11.00,Yes
129,Random,38.3%,ml,0.20,119,0,No
129,Random,38.3%,ml_dynamic,0.30,119,0,No
130,Random,39.3%,ml,0.20,40,19.83,Yes
130,Random,39.3%,ml_dynamic,0.10,5,0,No
131,Random,43.0%,ml,0.30,57,0,No
131,Random,43.0%,ml_dynamic,0.20,37,14.41,Yes
132,Random,40.0%,ml,0.20,51,0,No
132,Random,40.0%,ml_dynamic,0.10,36,0,No
133,Random,40.3%,ml,0.50,45,16.41,Yes
133,Random,40.3%,ml_dynamic,0.60,192,0,No
134,Random,41.3%,ml,0.20,26,14.24,Yes
134,Random,41.3%,ml_dynamic,0.20,124,0,No
135,Random,44.8%,ml,0.40,86,0,No
135,Random,44.8%,ml_dynamic,0.10,50,0,No
136,Random,40.8%,ml,0.00,1,0,No
136,Random,40.8%,ml_dynamic,0.10,7,0,No
137,Random,42.5%,ml,0.10,20,0,No
137,Random,42.5%,ml_dynamic,0.00,14,0,No
138,Random,38.3%,ml,0.20,9,0,No
138,Random,38.3%,ml_dynamic,0.20,89,35.49,Yes
139,Random,40.8%,ml,0.20,1,0,No
139,Random,40.8%,ml_dynamic,0.20,50,0,No
140,Random,37.8%,ml,0.30,202,0,No
140,Random,37.8%,ml_dynamic,0.30,41,22.49,Yes
141,Random,39.5%,ml,0.40,21,14.24,Yes
141,Random,39.5%,ml_dynamic,0.10,3,0,No
142,Random,37.3%,ml,0.20,16,9.83,Yes
142,Random,37.3%,ml_dynamic,1.00,41,20.07,Yes
143,Random,37.3%,ml,0.30,22,0,No
143,Random,37.3%,ml_dynamic,0.20,79,0,No
144,Random,40.0%,ml,0.10,81,33.07,Yes
144,Random,40.0%,ml_dynamic,0.40,120,30.07,Yes
145,Random,39.0%,ml,0.30,153,0,No
145,Random,39.0%,ml_dynamic,0.10,5,0,No
146,Random,38.8%,ml,0.20,114,0,No
146,Random,38.8%,ml_dynamic,0.20,114,0,No
147,Random,41.5%,ml,0.50,74,0,No
147,Random,41.5%,ml_dynamic,0.30,74,0,No
148,Random,42.0%,ml,0.50,62,0,No
148,Random,42.0%,ml_dynamic,0.20,62,0,No
149,Random,47.5%,ml,0.50,8,0,No
149,Random,47.5%,ml_dynamic,0.10,24,0,No
150,Random,35.8%,ml,0.50,221,0,No
150,Random,35.8%,ml_dynamic,0.10,3,0,No
151,Random,40.3%,ml,0.40,24,17.00,Yes
151,Random,40.3%,ml_dynamic,0.00,3,0,No
152,Random,41.5%,ml,0.10,3,0,No
152,Random,41.5%,ml_dynamic,0.10,22,0,No
153,Random,41.3%,ml,0.30,94,0,No
153,Random,41.3%,ml_dynamic,0.20,68,0,No
154,Random,36.5%,ml,0.10,41,0,No
154,Random,36.5%,ml_dynamic,0.20,8,0,No
155,Random,40.5%,ml,0.30,47,0,No
155,Random,40.5%,ml_dynamic,0.20,136,0,No
156,Random,38.0%,ml,0.20,46,0,No
156,Random,38.0%,ml_dynamic,0.20,98,0,No
157,Random,37.5%,ml,0.20,5,0,No
157,Random,37.5%,ml_dynamic,0.20,86,0,No
158,Random,44.0%,ml,0.30,139,0,No
158,Random,44.0%,ml_dynamic,0.10,139,0,No
159,Random,42.3%,ml,0.10,9,0,No
159,Random,42.3%,ml_dynamic,0.50,37,0,No
160,Random,38.0%,ml,0.30,25,0,No
160,Random,38.0%,ml_dynamic,0.10,25,0,No
161,Random,39.3%,ml,0.30,19,0,No
161,Random,39.3%,ml_dynamic,0.10,25,0,No
162,Random,40.0%,ml,0.50,122,0,No
162,Random,40.0%,ml_dynamic,0.10,18,13.24,Yes
163,Random,45.5%,ml,0.40,2,0,No
163,Random,45.5%,ml_dynamic,0.10,8,0,No
164,Random,45.5%,ml,0.20,79,0,No
164,Random,45.5%,ml_dynamic,0.10,30,0,No
165,Random,41.8%,ml,0.20,7,0,No
165,Random,41.8%,ml_dynamic,0.30,166,0,No
166,Random,39.3%,ml,0.40,139,0,No
166,Random,39.3%,ml_dynamic,0.20,30,13.24,Yes
167,Random,36.8%,ml,0.30,138,0,No
167,Random,36.8%,ml_dynamic,0.30,78,0,No
168,Random,40.5%,ml,0.10,10,0,No
168,Random,40.5%,ml_dynamic,0.10,25,0,No
169,Random,38.5%,ml,0.30,26,15.24,Yes
169,Random,38.5%,ml_dynamic,0.10,43,19.24,Yes
170,Random,39.0%,ml,0.30,112,0,No
170,Random,39.0%,ml_dynamic,0.10,45,0,No
171,Random,38.3%,ml,0.20,37,19.83,Yes
171,Random,38.3%,ml_dynamic,0.20,82,21.24,Yes
172,Random,36.8%,ml,0.10,46,0,No
172,Random,36.8%,ml_dynamic,0.20,46,0,No
173,Random,40.8%,ml,0.30,8,0,No
173,Random,40.8%,ml_dynamic,0.30,109,0,No
174,Random,39.5%,ml,0.30,86,35.41,Yes
174,Random,39.5%,ml_dynamic,0.20,15,0,No
175,Random,42.3%,ml,0.20,3,0,No
175,Random,42.3%,ml_dynamic,0.20,48,0,No
176,Random,42.5%,ml,0.20,96,0,No
176,Random,42.5%,ml_dynamic,0.10,19,0,No
177,Random,39.3%,ml,0.20,99,0,No
177,Random,39.3%,ml_dynamic,0.10,31,0,No
178,Random,41.8%,ml,0.10,12,0,No
178,Random,41.8%,ml_dynamic,0.10,25,14.83,Yes
179,Random,41.3%,ml,0.20,79,0,No
179,Random,41.3%,ml_dynamic,0.20,79,0,No
180,Random,40.0%,ml,0.20,26,0,No
180,Random,40.0%,ml_dynamic,0.30,168,0,No
181,Maze,43.0%,ml,0.50,63,30.00,Yes
181,Maze,43.0%,ml_dynamic,0.30,168,45.41,Yes
182,Maze,42.8%,ml,0.10,28,19.00,Yes
182,Maze,42.8%,ml_dynamic,0.10,109,59.00,Yes
183,Maze,43.8%,ml,0.40,209,93.41,Yes
183,Maze,43.8%,ml_dynamic,0.20,82,23.00,Yes
184,Maze,43.3%,ml,0.20,37,14.00,Yes
184,Maze,43.3%,ml_dynamic,0.10,17,10.41,Yes
185,Maze,43.0%,ml,0.50,76,27.00,Yes
185,Maze,43.0%,ml_dynamic,0.10,12,9.41,Yes
186,Maze,42.3%,ml,0.20,25,13.00,Yes
186,Maze,42.3%,ml_dynamic,0.10,58,29.00,Yes
187,Maze,42.3%,ml,0.10,50,29.00,Yes
187,Maze,42.3%,ml_dynamic,0.10,108,28.83,Yes
188,Maze,43.8%,ml,0.10,119,32.83,Yes
188,Maze,43.8%,ml_dynamic,0.20,69,31.41,Yes
189,Maze,43.0%,ml,0.10,17,14.41,Yes
189,Maze,43.0%,ml_dynamic,0.20,189,45.00,Yes
190,Maze,42.0%,ml,0.10,54,17.41,Yes
190,Maze,42.0%,ml_dynamic,0.10,97,33.00,Yes
191,Maze,42.5%,ml,0.10,32,17.00,Yes
191,Maze,42.5%,ml_dynamic,0.10,21,14.00,Yes
192,Maze,44.5%,ml,0.20,27,13.00,Yes
192,Maze,44.5%,ml_dynamic,0.70,190,55.41,Yes
193,Maze,42.0%,ml,0.20,17,12.00,Yes
193,Maze,42.0%,ml_dynamic,0.10,34,15.83,Yes
194,Maze,44.3%,ml,0.10,129,36.00,Yes
194,Maze,44.3%,ml_dynamic,0.00,59,22.00,Yes
195,Maze,43.8%,ml,0.10,17,13.00,Yes
195,Maze,43.8%,ml_dynamic,0.10,42,25.00,Yes
196,Maze,41.8%,ml,0.10,33,16.41,Yes
196,Maze,41.8%,ml_dynamic,0.30,164,40.00,Yes
197,Maze,42.5%,ml,0.20,66,34.41,Yes
197,Maze,42.5%,ml_dynamic,0.00,47,24.00,Yes
198,Maze,44.8%,ml,0.10,33,17.00,Yes
198,Maze,44.8%,ml_dynamic,0.20,96,29.41,Yes
199,Maze,44.5%,ml,0.30,100,35.41,Yes
199,Maze,44.5%,ml_dynamic,0.10,92,40.41,Yes
200,Maze,42.8%,ml,0.30,89,40.00,Yes
200,Maze,42.8%,ml_dynamic,0.20,101,37.00,Yes
201,Maze,43.8%,ml,0.30,34,20.41,Yes
201,Maze,43.8%,ml_dynamic,0.10,45,25.41,Yes
202,Maze,42.8%,ml,0.10,159,36.83,Yes
202,Maze,42.8%,ml_dynamic,0.10,151,37.00,Yes
203,Maze,44.3%,ml,0.20,83,27.41,Yes
203,Maze,44.3%,ml_dynamic,0.10,218,55.83,Yes
204,Maze,44.0%,ml,0.20,97,27.00,Yes
204,Maze,44.0%,ml_dynamic,0.20,23,21.00,Yes
205,Maze,42.8%,ml,0.20,99,26.83,Yes
205,Maze,42.8%,ml_dynamic,0.10,82,34.41,Yes
206,Maze,42.5%,ml,0.10,87,23.41,Yes
206,Maze,42.5%,ml_dynamic,0.00,42,23.00,Yes
207,Maze,44.3%,ml,0.20,10,9.41,Yes
207,Maze,44.3%,ml_dynamic,0.40,118,45.41,Yes
208,Maze,43.3%,ml,0.30,107,35.66,Yes
208,Maze,43.3%,ml_dynamic,0.10,38,24.41,Yes
209,Maze,43.5%,ml,0.20,13,10.41,Yes
209,Maze,43.5%,ml_dynamic,0.30,188,55.41,Yes
210,Maze,43.8%,ml,0.40,191,71.07,Yes
210,Maze,43.8%,ml_dynamic,0.10,144,58.24,Yes
211,Maze,41.8%,ml,0.20,35,17.00,Yes
211,Maze,41.8%,ml_dynamic,0.20,117,38.83,Yes
212,Maze,42.3%,ml,0.20,26,17.41,Yes
212,Maze,42.3%,ml_dynamic,0.80,79,29.41,Yes
213,Maze,43.3%,ml,0.20,23,11.00,Yes
213,Maze,43.3%,ml_dynamic,0.30,181,65.41,Yes
214,Maze,44.0%,ml,0.20,48,21.00,Yes
214,Maze,44.0%,ml_dynamic,0.20,45,25.00,Yes
215,Maze,43.3%,ml,0.30,129,38.83,Yes
215,Maze,43.3%,ml_dynamic,0.20,61,26.00,Yes
216,Maze,42.0%,ml,0.20,41,21.41,Yes
216,Maze,42.0%,ml_dynamic,0.30,82,41.00,Yes
217,Maze,45.3%,ml,0.30,185,59.41,Yes
217,Maze,45.3%,ml_dynamic,0.20,12,9.00,Yes
218,Maze,44.5%,ml,0.30,71,24.00,Yes
218,Maze,44.5%,ml_dynamic,0.10,27,12.00,Yes
219,Maze,44.5%,ml,0.70,206,59.00,Yes
219,Maze,44.5%,ml_dynamic,0.30,115,37.41,Yes
220,Maze,44.5%,ml,0.30,69,26.00,Yes
220,Maze,44.5%,ml_dynamic,0.10,51,18.00,Yes
221,Maze,43.0%,ml,0.10,42,22.00,Yes
221,Maze,43.0%,ml_dynamic,0.00,12,10.00,Yes
222,Maze,43.0%,ml,0.30,166,50.83,Yes
222,Maze,43.0%,ml_dynamic,0.20,178,47.41,Yes
223,Maze,41.3%,ml,0.20,105,31.41,Yes
223,Maze,41.3%,ml_dynamic,0.10,24,16.00,Yes
224,Maze,42.5%,ml,0.30,202,75.83,Yes
224,Maze,42.5%,ml_dynamic,0.60,226,62.00,Yes
225,Maze,45.3%,ml,0.20,146,42.00,Yes
225,Maze,45.3%,ml_dynamic,0.20,38,24.00,Yes
226,Maze,43.8%,ml,0.20,119,51.83,Yes
226,Maze,43.8%,ml_dynamic,0.20,99,55.00,Yes
227,Maze,43.8%,ml,0.10,58,29.41,Yes
227,Maze,43.8%,ml_dynamic,0.20,21,13.41,Yes
228,Maze,41.8%,ml,0.20,53,28.41,Yes
228,Maze,41.8%,ml_dynamic,0.30,31,18.00,Yes
229,Maze,42.8%,ml,0.30,157,34.41,Yes
229,Maze,42.8%,ml_dynamic,0.10,43,21.00,Yes
230,Maze,43.3%,ml,0.20,33,15.41,Yes
230,Maze,43.3%,ml_dynamic,0.10,23,14.00,Yes
231,Maze,42.8%,ml,0.30,94,29.00,Yes
231,Maze,42.8%,ml_dynamic,0.20,11,10.00,Yes
232,Maze,44.8%,ml,0.30,96,49.83,Yes
232,Maze,44.8%,ml_dynamic,0.10,73,26.41,Yes
233,Maze,43.5%,ml,0.50,32,20.41,Yes
233,Maze,43.5%,ml_dynamic,0.20,138,42.24,Yes
234,Maze,43.5%,ml,0.30,126,41.83,Yes
234,Maze,43.5%,ml_dynamic,0.10,116,36.00,Yes
235,Maze,44.8%,ml,0.70,145,59.00,Yes
235,Maze,44.8%,ml_dynamic,0.10,166,68.00,Yes
236,Maze,41.3%,ml,0.20,90,26.83,Yes
236,Maze,41.3%,ml_dynamic,0.10,38,18.41,Yes
237,Maze,43.0%,ml,0.10,40,17.00,Yes
237,Maze,43.0%,ml_dynamic,0.10,78,27.00,Yes
238,Maze,44.0%,ml,0.20,187,51.66,Yes
238,Maze,44.0%,ml_dynamic,0.10,13,9.41,Yes
239,Maze,45.3%,ml,0.10,46,29.00,Yes
239,Maze,45.3%,ml_dynamic,0.20,120,39.00,Yes
240,Maze,41.5%,ml,0.40,116,40.83,Yes
240,Maze,41.5%,ml_dynamic,0.10,35,19.66,Yes
241,Maze,42.5%,ml,0.20,56,27.00,Yes
241,Maze,42.5%,ml_dynamic,0.10,134,55.83,Yes
242,Maze,43.0%,ml,0.10,66,38.00,Yes
242,Maze,43.0%,ml_dynamic,0.20,82,32.83,Yes
243,Maze,43.5%,ml,0.20,36,19.83,Yes
243,Maze,43.5%,ml_dynamic,0.20,110,33.41,Yes
244,Maze,45.3%,ml,0.40,101,35.00,Yes
244,Maze,45.3%,ml_dynamic,0.00,65,35.00,Yes
245,Maze,43.0%,ml,0.10,147,43.00,Yes
245,Maze,43.0%,ml_dynamic,0.00,38,25.83,Yes
246,Maze,43.3%,ml,0.10,36,22.83,Yes
246,Maze,43.3%,ml_dynamic,0.00,1,0,No
247,Maze,42.8%,ml,0.10,70,23.41,Yes
247,Maze,42.8%,ml_dynamic,0.10,52,30.00,Yes
248,Maze,43.0%,ml,0.90,119,34.00,Yes
248,Maze,43.0%,ml_dynamic,0.20,48,24.00,Yes
249,Maze,44.0%,ml,0.60,213,60.41,Yes
249,Maze,44.0%,ml_dynamic,0.20,25,13.00,Yes
250,Maze,42.5%,ml,0.40,18,15.00,Yes
250,Maze,42.5%,ml_dynamic,0.20,37,18.00,Yes
251,Maze,44.0%,ml,0.10,30,17.00,Yes
251,Maze,44.0%,ml_dynamic,0.30,129,36.00,Yes
252,Maze,42.3%,ml,0.20,14,9.41,Yes
252,Maze,42.3%,ml_dynamic,0.20,114,39.41,Yes
253,Maze,43.0%,ml,0.20,126,35.00,Yes
253,Maze,43.0%,ml_dynamic,0.10,25,13.00,Yes
254,Maze,43.0%,ml,0.20,37,22.00,Yes
254,Maze,43.0%,ml_dynamic,0.20,26,18.41,Yes
255,Maze,43.8%,ml,0.10,36,17.83,Yes
255,Maze,43.8%,ml_dynamic,0.10,123,34.00,Yes
256,Maze,43.8%,ml,0.50,165,55.24,Yes
256,Maze,43.8%,ml_dynamic,0.20,100,41.00,Yes
257,Maze,43.5%,ml,0.40,91,38.41,Yes
257,Maze,43.5%,ml_dynamic,0.20,131,35.41,Yes
258,Maze,44.5%,ml,0.20,66,30.00,Yes
258,Maze,44.5%,ml_dynamic,0.20,35,16.83,Yes
259,Maze,42.0%,ml,0.20,135,55.83,Yes
259,Maze,42.0%,ml_dynamic,0.20,58,31.83,Yes
260,Maze,42.5%,ml,0.10,90,37.83,Yes
260,Maze,42.5%,ml_dynamic,0.10,19,17.24,Yes
261,Maze,42.0%,ml,0.20,76,30.41,Yes
261,Maze,42.0%,ml_dynamic,0.20,47,23.41,Yes
262,Maze,44.0%,ml,0.20,114,34.41,Yes
262,Maze,44.0%,ml_dynamic,0.20,137,56.00,Yes
263,Maze,41.8%,ml,0.30,76,24.41,Yes
263,Maze,41.8%,ml_dynamic,0.20,72,29.00,Yes
264,Maze,42.8%,ml,0.20,23,16.00,Yes
264,Maze,42.8%,ml_dynamic,0.10,108,55.66,Yes
265,Maze,42.5%,ml,0.30,108,35.00,Yes
265,Maze,42.5%,ml_dynamic,0.00,11,10.41,Yes
266,Maze,44.0%,ml,0.10,64,28.00,Yes
266,Maze,44.0%,ml_dynamic,0.20,28,20.00,Yes
267,Maze,42.5%,ml,0.40,58,23.00,Yes
267,Maze,42.5%,ml_dynamic,0.20,150,42.66,Yes
268,Maze,43.8%,ml,0.20,61,24.00,Yes
268,Maze,43.8%,ml_dynamic,0.20,124,39.00,Yes
269,Maze,44.5%,ml,0.30,65,20.00,Yes
269,Maze,44.5%,ml_dynamic,0.30,156,39.41,Yes
270,Maze,43.5%,ml,0.30,33,21.41,Yes
270,Maze,43.5%,ml_dynamic,0.40,85,32.41,Yes
271,Maze,44.5%,ml,0.30,74,23.00,Yes
271,Maze,44.5%,ml_dynamic,0.10,23,14.00,Yes
272,Maze,43.5%,ml,0.10,39,22.24,Yes
272,Maze,43.5%,ml_dynamic,0.10,70,35.00,Yes
273,Maze,42.8%,ml,0.20,96,34.41,Yes
273,Maze,42.8%,ml_dynamic,0.00,31,25.00,Yes
274,Maze,42.0%,ml,0.50,110,48.24,Yes
274,Maze,42.0%,ml_dynamic,0.20,21,12.41,Yes
275,Maze,43.5%,ml,0.30,99,29.41,Yes
275,Maze,43.5%,ml_dynamic,0.20,48,26.00,Yes
276,Maze,41.8%,ml,0.30,57,20.41,Yes
276,Maze,41.8%,ml_dynamic,0.30,57,28.41,Yes
277,Maze,42.5%,ml,0.20,46,20.41,Yes
277,Maze,42.5%,ml_dynamic,0.10,65,28.41,Yes
278,Maze,42.0%,ml,0.10,33,17.00,Yes
278,Maze,42.0%,ml_dynamic,0.20,31,12.00,Yes
279,Maze,44.3%,ml,0.40,153,63.83,Yes
279,Maze,44.3%,ml_dynamic,0.30,172,71.41,Yes
280,Maze,43.3%,ml,0.40,93,29.00,Yes
280,Maze,43.3%,ml_dynamic,0.10,44,30.00,Yes
281,Maze,43.8%,ml,0.30,14,9.00,Yes
281,Maze,43.8%,ml_dynamic,0.20,22,17.00,Yes
282,Maze,42.8%,ml,0.20,53,30.00,Yes
282,Maze,42.8%,ml_dynamic,0.10,10,9.00,Yes
283,Maze,43.8%,ml,0.30,78,29.00,Yes
283,Maze,43.8%,ml_dynamic,0.10,57,41.00,Yes
284,Maze,43.8%,ml,0.20,37,21.00,Yes
284,Maze,43.8%,ml_dynamic,0.10,92,23.83,Yes
285,Maze,43.0%,ml,0.20,89,24.00,Yes
285,Maze,43.0%,ml_dynamic,0.10,14,11.00,Yes
286,Maze,43.5%,ml,0.20,89,30.24,Yes
286,Maze,43.5%,ml_dynamic,0.00,78,22.83,Yes
287,Maze,43.5%,ml,0.10,28,19.00,Yes
287,Maze,43.5%,ml_dynamic,0.10,24,16.00,Yes
288,Maze,45.3%,ml,0.20,74,29.83,Yes
288,Maze,45.3%,ml_dynamic,0.10,18,15.00,Yes
289,Maze,42.3%,ml,0.30,201,52.83,Yes
289,Maze,42.3%,ml_dynamic,0.10,75,40.41,Yes
290,Maze,44.3%,ml,0.10,166,40.41,Yes
290,Maze,44.3%,ml_dynamic,0.50,140,41.41,Yes
291,Maze,44.5%,ml,0.20,26,14.00,Yes
291,Maze,44.5%,ml_dynamic,0.00,41,21.00,Yes
292,Maze,44.3%,ml,0.30,27,18.41,Yes
292,Maze,44.3%,ml_dynamic,0.40,80,30.41,Yes
293,Maze,43.3%,ml,0.40,65,23.00,Yes
293,Maze,43.3%,ml_dynamic,0.20,67,24.41,Yes
294,Maze,42.5%,ml,0.50,187,50.41,Yes
294,Maze,42.5%,ml_dynamic,0.10,8,7.41,Yes
295,Maze,43.8%,ml,0.30,147,49.41,Yes
295,Maze,43.8%,ml_dynamic,0.10,60,22.00,Yes
296,Maze,42.5%,ml,0.40,145,37.00,Yes
296,Maze,42.5%,ml_dynamic,0.20,36,18.00,Yes
297,Maze,45.0%,ml,0.20,126,53.00,Yes
297,Maze,45.0%,ml_dynamic,0.10,137,52.00,Yes
298,Maze,43.8%,ml,0.30,194,44.83,Yes
298,Maze,43.8%,ml_dynamic,0.20,73,26.00,Yes
299,Maze,43.5%,ml,0.70,207,68.24,Yes
299,Maze,43.5%,ml_dynamic,0.20,89,35.83,Yes
300,Maze,43.8%,ml,0.20,66,31.00,Yes
300,Maze,43.8%,ml_dynamic,0.10,64,24.00,Yes
301,Maze,43.0%,ml,0.30,83,27.41,Yes
301,Maze,43.0%,ml_dynamic,0.10,97,41.00,Yes
302,Maze,44.5%,ml,0.20,64,28.41,Yes
302,Maze,44.5%,ml_dynamic,0.30,152,45.00,Yes
303,Maze,43.5%,ml,0.30,68,32.41,Yes
303,Maze,43.5%,ml_dynamic,0.50,18,11.00,Yes
304,Maze,43.3%,ml,0.20,42,23.83,Yes
304,Maze,43.3%,ml_dynamic,0.10,54,20.00,Yes
305,Maze,42.8%,ml,0.20,19,12.41,Yes
305,Maze,42.8%,ml_dynamic,0.10,22,16.00,Yes
306,Maze,43.0%,ml,0.40,75,29.41,Yes
306,Maze,43.0%,ml_dynamic,0.10,63,30.00,Yes
307,Maze,41.8%,ml,0.20,124,46.00,Yes
307,Maze,41.8%,ml_dynamic,0.20,63,40.00,Yes
308,Maze,42.0%,ml,0.10,18,13.00,Yes
308,Maze,42.0%,ml_dynamic,0.20,51,22.66,Yes
309,Maze,43.8%,ml,0.20,77,23.41,Yes
309,Maze,43.8%,ml_dynamic,0.20,152,36.41,Yes
310,Maze,43.0%,ml,0.20,79,40.41,Yes
310,Maze,43.0%,ml_dynamic,0.30,179,69.00,Yes
311,Maze,44.3%,ml,1.30,41,23.00,Yes
311,Maze,44.3%,ml_dynamic,0.30,14,10.41,Yes
312,Maze,44.0%,ml,0.70,171,43.00,Yes
312,Maze,44.0%,ml_dynamic,0.10,62,24.24,Yes
313,Maze,44.0%,ml,0.30,104,58.00,Yes
313,Maze,44.0%,ml_dynamic,0.10,40,20.41,Yes
314,Maze,42.8%,ml,0.20,26,15.41,Yes
314,Maze,42.8%,ml_dynamic,0.20,28,14.00,Yes
315,Maze,42.3%,ml,0.40,64,26.41,Yes
315,Maze,42.3%,ml_dynamic,0.20,38,22.41,Yes
316,Maze,43.5%,ml,0.40,217,76.24,Yes
316,Maze,43.5%,ml_dynamic,0.20,19,10.00,Yes
317,Maze,42.0%,ml,0.20,73,27.41,Yes
317,Maze,42.0%,ml_dynamic,0.20,96,30.00,Yes
318,Maze,44.0%,ml,0.80,73,26.00,Yes
318,Maze,44.0%,ml_dynamic,0.20,179,40.83,Yes
319,Maze,42.8%,ml,0.40,82,30.00,Yes
319,Maze,42.8%,ml_dynamic,0.20,79,27.83,Yes
320,Maze,43.5%,ml,0.10,39,17.41,Yes
320,Maze,43.5%,ml_dynamic,0.10,87,43.41,Yes
321,Maze,41.8%,ml,0.20,43,26.00,Yes
321,Maze,41.8%,ml_dynamic,0.30,152,40.00,Yes
322,Maze,43.0%,ml,0.10,55,24.41,Yes
322,Maze,43.0%,ml_dynamic,0.20,151,49.00,Yes
323,Maze,40.5%,ml,0.20,37,23.41,Yes
323,Maze,40.5%,ml_dynamic,0.00,40,18.83,Yes
324,Maze,45.3%,ml,0.50,73,43.00,Yes
324,Maze,45.3%,ml_dynamic,0.10,60,25.00,Yes
325,Maze,42.3%,ml,0.20,112,34.00,Yes
325,Maze,42.3%,ml_dynamic,0.20,100,34.41,Yes
326,Maze,42.5%,ml,0.20,76,27.41,Yes
326,Maze,42.5%,ml_dynamic,0.20,127,63.00,Yes
327,Maze,40.8%,ml,0.20,66,27.83,Yes
327,Maze,40.8%,ml_dynamic,0.10,16,11.83,Yes
328,Maze,44.8%,ml,0.30,139,51.41,Yes
328,Maze,44.8%,ml_dynamic,0.10,145,53.00,Yes
329,Maze,44.0%,ml,0.20,56,20.00,Yes
329,Maze,44.0%,ml_dynamic,0.70,37,22.00,Yes
330,Maze,44.0%,ml,0.30,12,10.83,Yes
330,Maze,44.0%,ml_dynamic,0.90,216,47.00,Yes
331,Maze,41.8%,ml,0.30,31,19.24,Yes
331,Maze,41.8%,ml_dynamic,0.00,13,9.00,Yes
332,Maze,44.5%,ml,0.20,48,21.41,Yes
332,Maze,44.5%,ml_dynamic,0.60,171,52.83,Yes
333,Maze,44.8%,ml,0.10,40,23.83,Yes
333,Maze,44.8%,ml_dynamic,0.30,88,36.00,Yes
334,Maze,43.5%,ml,0.20,115,29.41,Yes
334,Maze,43.5%,ml_dynamic,0.10,61,22.00,Yes
335,Maze,44.8%,ml,0.50,34,19.41,Yes
335,Maze,44.8%,ml_dynamic,0.10,15,12.00,Yes
336,Maze,42.8%,ml,0.10,67,24.00,Yes
336,Maze,42.8%,ml_dynamic,0.30,37,18.00,Yes
337,Maze,44.0%,ml,0.30,35,23.41,Yes
337,Maze,44.0%,ml_dynamic,0.20,63,24.41,Yes
338,Maze,43.8%,ml,0.10,57,24.00,Yes
338,Maze,43.8%,ml_dynamic,0.10,32,19.00,Yes
339,Maze,45.0%,ml,0.30,129,31.83,Yes
339,Maze,45.0%,ml_dynamic,0.10,26,14.41,Yes
340,Maze,42.5%,ml,0.20,27,21.00,Yes
340,Maze,42.5%,ml_dynamic,0.20,48,31.00,Yes
341,Maze,43.8%,ml,0.10,26,22.41,Yes
341,Maze,43.8%,ml_dynamic,0.10,104,37.41,Yes
342,Maze,43.8%,ml,0.70,167,53.24,Yes
342,Maze,43.8%,ml_dynamic,0.20,84,32.83,Yes
343,Maze,42.8%,ml,0.20,38,14.41,Yes
343,Maze,42.8%,ml_dynamic,0.10,54,25.83,Yes
344,Maze,43.3%,ml,0.20,28,15.00,Yes
344,Maze,43.3%,ml_dynamic,0.20,93,34.00,Yes
345,Maze,44.0%,ml,0.60,46,23.41,Yes
345,Maze,44.0%,ml_dynamic,0.10,12,11.00,Yes
346,Maze,41.3%,ml,0.70,167,42.66,Yes
346,Maze,41.3%,ml_dynamic,0.20,12,9.00,Yes
347,Maze,44.8%,ml,0.20,23,19.41,Yes
347,Maze,44.8%,ml_dynamic,0.20,12,9.41,Yes
348,Maze,42.5%,ml,0.30,26,19.00,Yes
348,Maze,42.5%,ml_dynamic,0.20,58,18.00,Yes
349,Maze,43.8%,ml,0.20,89,30.00,Yes
349,Maze,43.8%,ml_dynamic,0.20,45,26.83,Yes
350,Maze,44.3%,ml,0.30,58,22.41,Yes
350,Maze,44.3%,ml_dynamic,0.10,62,34.00,Yes
351,Maze,45.8%,ml,0.70,159,38.00,Yes
351,Maze,45.8%,ml_dynamic,0.10,66,28.41,Yes
352,Maze,43.5%,ml,0.20,25,17.41,Yes
352,Maze,43.5%,ml_dynamic,0.30,158,47.00,Yes
353,Maze,44.3%,ml,0.40,20,14.00,Yes
353,Maze,44.3%,ml_dynamic,0.60,112,34.83,Yes
354,Maze,43.8%,ml,0.10,31,18.00,Yes
354,Maze,43.8%,ml_dynamic,0.20,98,33.00,Yes
355,Maze,43.8%,ml,0.40,50,21.00,Yes
355,Maze,43.8%,ml_dynamic,0.20,165,39.41,Yes
356,Maze,44.3%,ml,0.10,37,20.00,Yes
356,Maze,44.3%,ml_dynamic,0.30,184,55.00,Yes
357,Maze,43.3%,ml,0.30,185,51.00,Yes
357,Maze,43.3%,ml_dynamic,0.20,24,14.41,Yes
358,Maze,43.8%,ml,0.30,29,19.41,Yes
358,Maze,43.8%,ml_dynamic,0.00,24,17.00,Yes
359,Maze,44.3%,ml,0.70,49,28.41,Yes
359,Maze,44.3%,ml_dynamic,0.20,54,30.00,Yes
360,Maze,43.3%,ml,0.40,106,41.00,Yes
360,Maze,43.3%,ml_dynamic,0.10,59,31.00,Yes
361,Clustered,17.8%,ml,0.30,83,20.31,Yes
361,Clustered,17.8%,ml_dynamic,0.10,22,20.31,Yes
362,Clustered,12.5%,ml,0.00,8,7.83,Yes
362,Clustered,12.5%,ml_dynamic,0.20,18,15.66,Yes
363,Clustered,11.8%,ml,0.50,11,10.83,Yes
363,Clustered,11.8%,ml_dynamic,0.10,10,10.24,Yes
364,Clustered,11.8%,ml,0.10,13,14.07,Yes
364,Clustered,11.8%,ml_dynamic,0.00,12,13.07,Yes
365,Clustered,18.5%,ml,0.30,7,0,No
365,Clustered,18.5%,ml_dynamic,0.60,298,0,No
366,Clustered,17.3%,ml,0.40,134,26.24,Yes
366,Clustered,17.3%,ml_dynamic,0.30,133,34.97,Yes
367,Clustered,17.8%,ml,0.70,41,19.24,Yes
367,Clustered,17.8%,ml_dynamic,0.20,19,17.66,Yes
368,Clustered,11.5%,ml,0.20,24,23.73,Yes
368,Clustered,11.5%,ml_dynamic,0.10,14,9.83,Yes
369,Clustered,6.3%,ml,0.20,18,20.14,Yes
369,Clustered,6.3%,ml_dynamic,0.10,14,14.66,Yes
370,Clustered,15.3%,ml,0.20,9,10.49,Yes
370,Clustered,15.3%,ml_dynamic,0.70,219,24.24,Yes
371,Clustered,19.5%,ml,0.20,61,19.24,Yes
371,Clustered,19.5%,ml_dynamic,0.10,13,10.41,Yes
372,Clustered,17.5%,ml,0.10,19,18.66,Yes
372,Clustered,17.5%,ml_dynamic,0.10,32,15.07,Yes
373,Clustered,19.0%,ml,0.30,90,17.90,Yes
373,Clustered,19.0%,ml_dynamic,0.10,26,14.41,Yes
374,Clustered,18.5%,ml,0.30,11,11.07,Yes
374,Clustered,18.5%,ml_dynamic,0.10,41,19.66,Yes
375,Clustered,14.5%,ml,0.40,14,15.07,Yes
375,Clustered,14.5%,ml_dynamic,0.10,9,9.24,Yes
376,Clustered,14.5%,ml,0.20,14,15.07,Yes
376,Clustered,14.5%,ml_dynamic,0.10,15,12.07,Yes
377,Clustered,13.5%,ml,0.30,16,19.14,Yes
377,Clustered,13.5%,ml_dynamic,0.10,13,13.24,Yes
378,Clustered,18.3%,ml,0.40,12,14.73,Yes
378,Clustered,18.3%,ml_dynamic,0.20,31,19.31,Yes
379,Clustered,7.8%,ml,0.30,43,16.24,Yes
379,Clustered,7.8%,ml_dynamic,0.10,10,12.73,Yes
380,Clustered,19.0%,ml,0.20,22,16.41,Yes
380,Clustered,19.0%,ml_dynamic,0.10,9,9.66,Yes
381,Clustered,14.0%,ml,0.20,12,11.83,Yes
381,Clustered,14.0%,ml_dynamic,0.20,36,17.24,Yes
382,Clustered,15.5%,ml,0.20,37,24.49,Yes
382,Clustered,15.5%,ml_dynamic,0.30,24,19.24,Yes
383,Clustered,20.3%,ml,0.20,32,22.24,Yes
383,Clustered,20.3%,ml_dynamic,0.10,8,7.00,Yes
384,Clustered,16.8%,ml,0.20,11,10.41,Yes
384,Clustered,16.8%,ml_dynamic,0.10,14,12.07,Yes
385,Clustered,12.5%,ml,0.10,19,22.14,Yes
385,Clustered,12.5%,ml_dynamic,0.30,68,25.66,Yes
386,Clustered,25.0%,ml,0.10,11,10.83,Yes
386,Clustered,25.0%,ml_dynamic,0.00,4,0,No
387,Clustered,13.0%,ml,0.30,15,15.66,Yes
387,Clustered,13.0%,ml_dynamic,0.10,35,12.24,Yes
388,Clustered,12.3%,ml,0.30,20,21.97,Yes
388,Clustered,12.3%,ml_dynamic,0.20,20,11.24,Yes
389,Clustered,14.8%,ml,0.10,22,15.49,Yes
389,Clustered,14.8%,ml_dynamic,0.10,13,14.49,Yes
390,Clustered,16.3%,ml,0.20,52,14.83,Yes
390,Clustered,16.3%,ml_dynamic,0.10,9,8.00,Yes
391,Clustered,16.8%,ml,0.40,51,20.66,Yes
391,Clustered,16.8%,ml_dynamic,0.20,59,15.66,Yes
392,Clustered,18.8%,ml,0.40,132,24.31,Yes
392,Clustered,18.8%,ml_dynamic,0.00,21,15.24,Yes
393,Clustered,12.5%,ml,0.20,29,19.24,Yes
393,Clustered,12.5%,ml_dynamic,0.20,16,10.24,Yes
394,Clustered,9.8%,ml,0.10,14,15.90,Yes
394,Clustered,9.8%,ml_dynamic,0.10,11,12.07,Yes
395,Clustered,10.3%,ml,0.40,21,17.07,Yes
395,Clustered,10.3%,ml_dynamic,0.20,31,18.90,Yes
396,Clustered,24.0%,ml,0.40,42,24.66,Yes
396,Clustered,24.0%,ml_dynamic,0.20,9,9.66,Yes
397,Clustered,18.0%,ml,0.20,18,16.66,Yes
397,Clustered,18.0%,ml_dynamic,0.20,38,14.41,Yes
398,Clustered,19.5%,ml,0.20,8,9.49,Yes
398,Clustered,19.5%,ml_dynamic,0.10,31,23.97,Yes
399,Clustered,22.5%,ml,0.20,45,18.66,Yes
399,Clustered,22.5%,ml_dynamic,0.80,291,0,No
400,Clustered,18.8%,ml,0.20,16,17.49,Yes
400,Clustered,18.8%,ml_dynamic,0.10,20,18.83,Yes
401,Clustered,11.8%,ml,0.30,14,10.83,Yes
401,Clustered,11.8%,ml_dynamic,0.10,13,10.83,Yes
402,Clustered,20.3%,ml,0.20,35,17.24,Yes
402,Clustered,20.3%,ml_dynamic,0.20,11,8.83,Yes
403,Clustered,4.3%,ml,0.10,11,11.66,Yes
403,Clustered,4.3%,ml_dynamic,0.20,10,9.00,Yes
404,Clustered,15.5%,ml,0.20,10,10.66,Yes
404,Clustered,15.5%,ml_dynamic,0.10,22,17.24,Yes
405,Clustered,12.0%,ml,0.20,18,17.83,Yes
405,Clustered,12.0%,ml_dynamic,0.90,28,15.66,Yes
406,Clustered,20.0%,ml,0.20,9,8.66,Yes
406,Clustered,20.0%,ml_dynamic,0.10,8,7.41,Yes
407,Clustered,17.0%,ml,0.20,17,18.07,Yes
407,Clustered,17.0%,ml_dynamic,0.00,19,15.83,Yes
408,Clustered,12.3%,ml,0.30,9,10.90,Yes
408,Clustered,12.3%,ml_dynamic,0.10,14,14.24,Yes
409,Clustered,19.0%,ml,0.20,33,19.24,Yes
409,Clustered,19.0%,ml_dynamic,0.00,16,13.66,Yes
410,Clustered,17.3%,ml,0.90,321,0,No
410,Clustered,17.3%,ml_dynamic,0.10,11,10.83,Yes
411,Clustered,16.5%,ml,0.20,10,11.90,Yes
411,Clustered,16.5%,ml_dynamic,0.10,14,13.00,Yes
412,Clustered,14.5%,ml,0.30,13,13.66,Yes
412,Clustered,14.5%,ml_dynamic,0.10,71,25.07,Yes
413,Clustered,12.8%,ml,0.20,36,18.24,Yes
413,Clustered,12.8%,ml_dynamic,0.20,24,21.49,Yes
414,Clustered,15.3%,ml,0.10,24,12.24,Yes
414,Clustered,15.3%,ml_dynamic,0.10,57,24.24,Yes
415,Clustered,16.3%,ml,0.90,287,0,No
415,Clustered,16.3%,ml_dynamic,0.00,8,7.00,Yes
416,Clustered,9.5%,ml,0.20,30,23.07,Yes
416,Clustered,9.5%,ml_dynamic,0.10,11,12.49,Yes
417,Clustered,15.5%,ml,0.20,20,19.31,Yes
417,Clustered,15.5%,ml_dynamic,0.20,28,23.73,Yes
418,Clustered,7.0%,ml,0.10,20,20.66,Yes
418,Clustered,7.0%,ml_dynamic,0.10,19,16.90,Yes
419,Clustered,21.8%,ml,0.30,48,20.49,Yes
419,Clustered,21.8%,ml_dynamic,0.20,12,13.07,Yes
420,Clustered,11.5%,ml,0.10,8,8.24,Yes
420,Clustered,11.5%,ml_dynamic,0.30,23,14.41,Yes
421,Clustered,13.8%,ml,0.10,15,14.24,Yes
421,Clustered,13.8%,ml_dynamic,0.10,8,7.41,Yes
422,Clustered,24.0%,ml,0.10,19,11.00,Yes
422,Clustered,24.0%,ml_dynamic,0.10,9,9.24,Yes
423,Clustered,21.5%,ml,0.30,15,10.24,Yes
423,Clustered,21.5%,ml_dynamic,0.10,9,8.41,Yes
424,Clustered,12.5%,ml,0.20,11,11.66,Yes
424,Clustered,12.5%,ml_dynamic,0.20,11,10.00,Yes
425,Clustered,34.5%,ml,0.40,12,11.00,Yes
425,Clustered,34.5%,ml_dynamic,0.20,11,10.83,Yes
426,Clustered,22.8%,ml,0.20,27,27.49,Yes
426,Clustered,22.8%,ml_dynamic,0.20,49,16.66,Yes
427,Clustered,8.8%,ml,0.20,15,14.83,Yes
427,Clustered,8.8%,ml_dynamic,0.30,19,20.14,Yes
428,Clustered,29.3%,ml,0.70,70,19.07,Yes
428,Clustered,29.3%,ml_dynamic,0.10,12,12.66,Yes
429,Clustered,14.5%,ml,0.60,98,20.24,Yes
429,Clustered,14.5%,ml_dynamic,0.10,12,14.31,Yes
430,Clustered,34.5%,ml,0.70,211,0,No
430,Clustered,34.5%,ml_dynamic,0.30,211,0,No
431,Clustered,23.0%,ml,1.70,299,0,No
431,Clustered,23.0%,ml_dynamic,0.30,27,14.66,Yes
432,Clustered,19.8%,ml,0.10,13,12.00,Yes
432,Clustered,19.8%,ml_dynamic,0.20,11,10.24,Yes
433,Clustered,19.5%,ml,0.20,11,13.31,Yes
433,Clustered,19.5%,ml_dynamic,0.10,30,11.66,Yes
434,Clustered,23.5%,ml,0.20,13,11.24,Yes
434,Clustered,23.5%,ml_dynamic,0.10,7,8.49,Yes
435,Clustered,22.0%,ml,0.20,15,17.14,Yes
435,Clustered,22.0%,ml_dynamic,0.00,13,12.83,Yes
436,Clustered,9.5%,ml,0.20,8,7.41,Yes
436,Clustered,9.5%,ml_dynamic,0.10,1,0,No
437,Clustered,21.8%,ml,0.20,22,21.56,Yes
437,Clustered,21.8%,ml_dynamic,0.20,16,16.24,Yes
438,Clustered,10.8%,ml,0.20,9,8.41,Yes
438,Clustered,10.8%,ml_dynamic,0.10,17,19.31,Yes
439,Clustered,23.0%,ml,0.70,252,0,No
439,Clustered,23.0%,ml_dynamic,0.10,18,12.41,Yes
440,Clustered,16.3%,ml,0.20,20,12.41,Yes
440,Clustered,16.3%,ml_dynamic,0.00,10,10.66,Yes
441,Clustered,22.5%,ml,0.30,30,27.07,Yes
441,Clustered,22.5%,ml_dynamic,0.30,76,24.07,Yes
442,Clustered,25.8%,ml,0.10,14,14.24,Yes
442,Clustered,25.8%,ml_dynamic,0.10,23,21.07,Yes
443,Clustered,14.5%,ml,0.10,8,7.83,Yes
443,Clustered,14.5%,ml_dynamic,0.20,13,15.31,Yes
444,Clustered,19.5%,ml,0.30,12,12.24,Yes
444,Clustered,19.5%,ml_dynamic,0.60,201,34.73,Yes
445,Clustered,19.3%,ml,0.10,1,0,No
445,Clustered,19.3%,ml_dynamic,0.10,18,21.56,Yes
446,Clustered,29.5%,ml,0.70,26,12.66,Yes
446,Clustered,29.5%,ml_dynamic,0.30,108,22.24,Yes
447,Clustered,18.8%,ml,0.20,12,11.41,Yes
447,Clustered,18.8%,ml_dynamic,0.00,10,9.41,Yes
448,Clustered,7.8%,ml,0.10,15,14.41,Yes
448,Clustered,7.8%,ml_dynamic,0.00,16,17.07,Yes
449,Clustered,17.3%,ml,0.10,12,10.00,Yes
449,Clustered,17.3%,ml_dynamic,0.10,22,22.14,Yes
450,Clustered,18.0%,ml,0.70,313,0,No
450,Clustered,18.0%,ml_dynamic,0.10,10,9.00,Yes
451,Clustered,29.8%,ml,0.20,26,20.24,Yes
451,Clustered,29.8%,ml_dynamic,0.10,14,11.83,Yes
452,Clustered,14.2%,ml,0.10,17,10.83,Yes
452,Clustered,14.2%,ml_dynamic,0.00,18,17.00,Yes
453,Clustered,20.5%,ml,0.30,10,10.66,Yes
453,Clustered,20.5%,ml_dynamic,0.20,15,14.00,Yes
454,Clustered,10.3%,ml,0.20,18,15.41,Yes
454,Clustered,10.3%,ml_dynamic,0.10,23,22.97,Yes
455,Clustered,17.3%,ml,0.30,18,17.49,Yes
455,Clustered,17.3%,ml_dynamic,0.10,17,16.41,Yes
456,Clustered,24.8%,ml,0.30,22,11.24,Yes
456,Clustered,24.8%,ml_dynamic,0.30,20,13.41,Yes
457,Clustered,13.8%,ml,0.10,11,11.24,Yes
457,Clustered,13.8%,ml_dynamic,0.00,9,9.66,Yes
458,Clustered,34.5%,ml,0.20,25,12.66,Yes
458,Clustered,34.5%,ml_dynamic,0.60,224,0,No
459,Clustered,21.0%,ml,0.20,17,16.83,Yes
459,Clustered,21.0%,ml_dynamic,0.10,17,16.73,Yes
460,Clustered,16.5%,ml,0.40,15,17.31,Yes
460,Clustered,16.5%,ml_dynamic,0.50,17,16.41,Yes
461,Clustered,34.3%,ml,0.50,130,0,No
461,Clustered,34.3%,ml_dynamic,0.40,109,0,No
462,Clustered,32.3%,ml,0.30,75,23.73,Yes
462,Clustered,32.3%,ml_dynamic,0.20,37,0,No
463,Clustered,25.8%,ml,0.20,16,16.24,Yes
463,Clustered,25.8%,ml_dynamic,0.10,16,15.00,Yes
464,Clustered,20.8%,ml,0.20,14,14.07,Yes
464,Clustered,20.8%,ml_dynamic,0.30,34,14.41,Yes
465,Clustered,23.0%,ml,0.10,8,7.83,Yes
465,Clustered,23.0%,ml_dynamic,0.10,8,8.66,Yes
466,Clustered,28.0%,ml,0.20,37,14.41,Yes
466,Clustered,28.0%,ml_dynamic,0.20,21,18.83,Yes
467,Clustered,19.0%,ml,0.20,30,15.07,Yes
467,Clustered,19.0%,ml_dynamic,0.10,14,13.83,Yes
468,Clustered,21.5%,ml,0.30,39,17.83,Yes
468,Clustered,21.5%,ml_dynamic,0.20,23,16.66,Yes
469,Clustered,23.3%,ml,0.20,19,17.49,Yes
469,Clustered,23.3%,ml_dynamic,0.10,12,11.24,Yes
470,Clustered,22.8%,ml,0.40,44,20.49,Yes
470,Clustered,22.8%,ml_dynamic,0.20,17,18.31,Yes
471,Clustered,19.0%,ml,0.20,23,10.41,Yes
471,Clustered,19.0%,ml_dynamic,0.30,15,15.49,Yes
472,Clustered,18.3%,ml,0.20,8,7.41,Yes
472,Clustered,18.3%,ml_dynamic,0.20,11,13.73,Yes
473,Clustered,11.8%,ml,0.30,14,12.66,Yes
473,Clustered,11.8%,ml_dynamic,0.10,29,20.90,Yes
474,Clustered,14.0%,ml,0.30,19,17.24,Yes
474,Clustered,14.0%,ml_dynamic,0.10,22,13.00,Yes
475,Clustered,23.3%,ml,0.30,91,25.14,Yes
475,Clustered,23.3%,ml_dynamic,0.20,11,12.49,Yes
476,Clustered,14.2%,ml,0.20,20,21.31,Yes
476,Clustered,14.2%,ml_dynamic,0.20,20,16.49,Yes
477,Clustered,32.5%,ml,0.70,166,0,No
477,Clustered,32.5%,ml_dynamic,0.20,79,0,No
478,Clustered,30.5%,ml,0.80,259,0,No
478,Clustered,30.5%,ml_dynamic,0.10,9,8.41,Yes
479,Clustered,24.0%,ml,0.40,46,23.83,Yes
479,Clustered,24.0%,ml_dynamic,0.20,10,10.24,Yes
480,Clustered,25.8%,ml,0.20,12,11.41,Yes
480,Clustered,25.8%,ml_dynamic,0.60,262,0,No
481,Clustered,41.8%,ml,0.20,80,35.31,Yes
481,Clustered,41.8%,ml_dynamic,0.10,18,12.83,Yes
482,Clustered,30.0%,ml,0.20,17,11.41,Yes
482,Clustered,30.0%,ml_dynamic,0.80,267,0,No
483,Clustered,48.5%,ml,0.80,7,0,No
483,Clustered,48.5%,ml_dynamic,0.40,58,0,No
484,Clustered,40.5%,ml,0.30,26,17.83,Yes
484,Clustered,40.5%,ml_dynamic,0.40,46,21.66,Yes
485,Clustered,33.0%,ml,1.00,120,40.56,Yes
485,Clustered,33.0%,ml_dynamic,0.20,22,14.07,Yes
486,Clustered,38.0%,ml,0.30,68,20.66,Yes
486,Clustered,38.0%,ml_dynamic,0.00,15,8.41,Yes
487,Clustered,38.8%,ml,0.20,23,11.83,Yes
487,Clustered,38.8%,ml_dynamic,1.00,176,0,No
488,Clustered,34.5%,ml,0.20,17,14.83,Yes
488,Clustered,34.5%,ml_dynamic,0.30,79,29.49,Yes
489,Clustered,34.3%,ml,0.20,43,21.49,Yes
489,Clustered,34.3%,ml_dynamic,0.10,34,13.24,Yes
490,Clustered,36.0%,ml,0.20,30,17.24,Yes
490,Clustered,36.0%,ml_dynamic,0.00,4,0,No
491,Clustered,38.5%,ml,0.10,44,14.83,Yes
491,Clustered,38.5%,ml_dynamic,0.20,29,17.83,Yes
492,Clustered,45.8%,ml,0.30,93,0,No
492,Clustered,45.8%,ml_dynamic,0.20,11,0,No
493,Clustered,35.5%,ml,0.70,207,0,No
493,Clustered,35.5%,ml_dynamic,0.00,25,12.24,Yes
494,Clustered,28.7%,ml,0.30,27,19.07,Yes
494,Clustered,28.7%,ml_dynamic,0.10,37,13.41,Yes
495,Clustered,36.0%,ml,0.20,13,11.24,Yes
495,Clustered,36.0%,ml_dynamic,0.10,18,12.24,Yes
496,Clustered,44.3%,ml,0.20,8,0,No
496,Clustered,44.3%,ml_dynamic,0.20,67,0,No
497,Clustered,32.5%,ml,0.10,14,14.66,Yes
497,Clustered,32.5%,ml_dynamic,0.40,217,0,No
498,Clustered,34.5%,ml,0.10,16,13.49,Yes
498,Clustered,34.5%,ml_dynamic,0.20,64,25.90,Yes
499,Clustered,33.8%,ml,0.20,13,13.24,Yes
499,Clustered,33.8%,ml_dynamic,0.10,8,7.41,Yes
500,Clustered,28.7%,ml,0.50,232,0,No
500,Clustered,28.7%,ml_dynamic,0.50,232,0,No
501,Clustered,44.5%,ml,0.20,73,28.66,Yes
501,Clustered,44.5%,ml_dynamic,0.20,67,28.83,Yes
502,Clustered,40.3%,ml,0.30,67,17.83,Yes
502,Clustered,40.3%,ml_dynamic,0.20,38,13.41,Yes
503,Clustered,43.3%,ml,1.00,164,0,No
503,Clustered,43.3%,ml_dynamic,0.60,113,27.66,Yes
504,Clustered,34.5%,ml,0.30,11,10.24,Yes
504,Clustered,34.5%,ml_dynamic,0.30,41,13.41,Yes
505,Clustered,41.5%,ml,0.30,1,0,No
505,Clustered,41.5%,ml_dynamic,0.10,16,0,No
506,Clustered,40.3%,ml,0.50,204,0,No
506,Clustered,40.3%,ml_dynamic,0.10,2,0,No
507,Clustered,50.5%,ml,0.80,19,0,No
507,Clustered,50.5%,ml_dynamic,0.00,1,0,No
508,Clustered,43.8%,ml,0.40,119,0,No
508,Clustered,43.8%,ml_dynamic,0.20,1,0,No
509,Clustered,36.8%,ml,0.50,223,0,No
509,Clustered,36.8%,ml_dynamic,0.10,3,0,No
510,Clustered,32.0%,ml,0.20,16,10.83,Yes
510,Clustered,32.0%,ml_dynamic,0.00,11,9.83,Yes
511,Clustered,32.0%,ml,0.40,17,14.07,Yes
511,Clustered,32.0%,ml_dynamic,0.10,12,8.83,Yes
512,Clustered,32.0%,ml,0.20,51,0,No
512,Clustered,32.0%,ml_dynamic,0.40,196,0,No
513,Clustered,41.3%,ml,0.30,1,0,No
513,Clustered,41.3%,ml_dynamic,0.10,52,0,No
514,Clustered,42.8%,ml,0.40,157,0,No
514,Clustered,42.8%,ml_dynamic,0.20,101,24.24,Yes
515,Clustered,30.0%,ml,0.10,2,0,No
515,Clustered,30.0%,ml_dynamic,0.10,12,12.07,Yes
516,Clustered,33.5%,ml,0.10,25,19.07,Yes
516,Clustered,33.5%,ml_dynamic,0.20,32,17.24,Yes
517,Clustered,38.0%,ml,0.10,6,0,No
517,Clustered,38.0%,ml_dynamic,0.20,14,11.41,Yes
518,Clustered,45.3%,ml,0.30,20,17.83,Yes
518,Clustered,45.3%,ml_dynamic,0.40,154,0,No
519,Clustered,30.5%,ml,0.20,13,10.83,Yes
519,Clustered,30.5%,ml_dynamic,0.10,8,8.66,Yes
520,Clustered,36.0%,ml,0.40,116,0,No
520,Clustered,36.0%,ml_dynamic,0.30,116,0,No
521,Clustered,27.8%,ml,0.20,52,24.90,Yes
521,Clustered,27.8%,ml_dynamic,0.00,9,7.83,Yes
522,Clustered,34.0%,ml,0.40,132,32.49,Yes
522,Clustered,34.0%,ml_dynamic,0.00,12,9.00,Yes
523,Clustered,38.3%,ml,0.40,20,13.24,Yes
523,Clustered,38.3%,ml_dynamic,0.40,169,0,No
524,Clustered,39.8%,ml,0.10,17,10.24,Yes
524,Clustered,39.8%,ml_dynamic,0.20,28,20.07,Yes
525,Clustered,39.8%,ml,0.20,36,0,No
525,Clustered,39.8%,ml_dynamic,0.10,30,0,No
526,Clustered,41.5%,ml,0.40,191,0,No
526,Clustered,41.5%,ml_dynamic,0.20,8,8.24,Yes
527,Clustered,43.3%,ml,0.20,38,18.07,Yes
527,Clustered,43.3%,ml_dynamic,0.20,50,18.07,Yes
528,Clustered,40.0%,ml,0.20,16,0,No
528,Clustered,40.0%,ml_dynamic,0.20,84,28.66,Yes
529,Clustered,44.8%,ml,0.20,19,15.83,Yes
529,Clustered,44.8%,ml_dynamic,1.30,193,0,No
530,Clustered,37.3%,ml,0.10,14,10.24,Yes
530,Clustered,37.3%,ml_dynamic,0.00,38,0,No
531,Clustered,26.8%,ml,0.40,24,16.07,Yes
531,Clustered,26.8%,ml_dynamic,0.20,28,20.83,Yes
532,Clustered,36.3%,ml,0.20,56,20.07,Yes
532,Clustered,36.3%,ml_dynamic,0.10,67,0,No
533,Clustered,40.0%,ml,0.40,55,0,No
533,Clustered,40.0%,ml_dynamic,0.10,55,0,No
534,Clustered,41.0%,ml,0.20,143,0,No
534,Clustered,41.0%,ml_dynamic,0.00,22,13.41,Yes
535,Clustered,44.8%,ml,0.20,31,25.07,Yes
535,Clustered,44.8%,ml_dynamic,0.20,44,17.66,Yes
536,Clustered,39.0%,ml,0.20,1,0,No
536,Clustered,39.0%,ml_dynamic,0.20,15,10.00,Yes
537,Clustered,41.0%,ml,0.20,16,12.83,Yes
537,Clustered,41.0%,ml_dynamic,0.30,206,0,No
538,Clustered,35.0%,ml,0.30,36,20.66,Yes
538,Clustered,35.0%,ml_dynamic,0.20,82,23.07,Yes
539,Clustered,35.8%,ml,0.20,20,16.24,Yes
539,Clustered,35.8%,ml_dynamic,0.00,23,16.66,Yes
540,Clustered,38.0%,ml,0.20,32,12.66,Yes
540,Clustered,38.0%,ml_dynamic,0.10,17,16.90,Yes
541,Mixed,19.3%,ml,0.10,34,16.83,Yes
541,Mixed,19.3%,ml_dynamic,0.10,26,13.83,Yes
542,Mixed,17.5%,ml,0.20,20,14.24,Yes
542,Mixed,17.5%,ml_dynamic,0.10,14,13.24,Yes
543,Mixed,20.5%,ml,0.20,16,12.83,Yes
543,Mixed,20.5%,ml_dynamic,0.10,10,9.41,Yes
544,Mixed,15.5%,ml,0.30,13,11.07,Yes
544,Mixed,15.5%,ml_dynamic,0.10,11,9.66,Yes
545,Mixed,19.0%,ml,0.10,27,13.83,Yes
545,Mixed,19.0%,ml_dynamic,0.10,47,14.83,Yes
546,Mixed,26.8%,ml,0.00,15,11.83,Yes
546,Mixed,26.8%,ml_dynamic,0.10,19,14.66,Yes
547,Mixed,20.3%,ml,0.20,9,7.83,Yes
547,Mixed,20.3%,ml_dynamic,0.10,17,18.49,Yes
548,Mixed,26.0%,ml,0.20,34,19.07,Yes
548,Mixed,26.0%,ml_dynamic,0.10,11,10.00,Yes
549,Mixed,14.5%,ml,0.10,9,9.24,Yes
549,Mixed,14.5%,ml_dynamic,0.10,19,16.49,Yes
550,Mixed,19.8%,ml,0.10,1,0,No
550,Mixed,19.8%,ml_dynamic,0.40,19,12.66,Yes
551,Mixed,21.5%,ml,0.20,30,17.66,Yes
551,Mixed,21.5%,ml_dynamic,0.10,16,13.24,Yes
552,Mixed,20.8%,ml,0.20,12,11.00,Yes
552,Mixed,20.8%,ml_dynamic,0.20,9,8.66,Yes
553,Mixed,20.0%,ml,0.20,25,14.24,Yes
553,Mixed,20.0%,ml_dynamic,0.30,31,20.90,Yes
554,Mixed,14.0%,ml,0.20,27,17.07,Yes
554,Mixed,14.0%,ml_dynamic,0.20,12,12.66,Yes
555,Mixed,19.0%,ml,0.20,17,18.31,Yes
555,Mixed,19.0%,ml_dynamic,0.10,16,11.83,Yes
556,Mixed,14.5%,ml,0.20,13,9.41,Yes
556,Mixed,14.5%,ml_dynamic,0.10,9,9.66,Yes
557,Mixed,25.3%,ml,0.20,14,10.24,Yes
557,Mixed,25.3%,ml_dynamic,0.10,52,16.83,Yes
558,Mixed,26.5%,ml,0.30,41,14.24,Yes
558,Mixed,26.5%,ml_dynamic,0.10,26,15.49,Yes
559,Mixed,21.0%,ml,0.10,18,13.83,Yes
559,Mixed,21.0%,ml_dynamic,0.20,22,16.24,Yes
560,Mixed,21.0%,ml,0.30,14,10.83,Yes
560,Mixed,21.0%,ml_dynamic,0.20,28,22.90,Yes
561,Mixed,23.8%,ml,0.10,10,10.66,Yes
561,Mixed,23.8%,ml_dynamic,0.20,24,9.07,Yes
562,Mixed,18.5%,ml,0.20,18,16.07,Yes
562,Mixed,18.5%,ml_dynamic,0.10,16,17.31,Yes
563,Mixed,20.3%,ml,0.20,20,10.24,Yes
563,Mixed,20.3%,ml_dynamic,0.10,16,13.41,Yes
564,Mixed,15.8%,ml,0.30,19,19.73,Yes
564,Mixed,15.8%,ml_dynamic,0.10,13,10.24,Yes
565,Mixed,14.2%,ml,0.10,10,8.24,Yes
565,Mixed,14.2%,ml_dynamic,0.10,10,9.83,Yes
566,Mixed,23.3%,ml,0.20,12,9.24,Yes
566,Mixed,23.3%,ml_dynamic,0.20,17,18.73,Yes
567,Mixed,21.8%,ml,0.90,304,0,No
567,Mixed,21.8%,ml_dynamic,0.10,11,10.41,Yes
568,Mixed,15.3%,ml,0.30,87,28.56,Yes
568,Mixed,15.3%,ml_dynamic,0.20,31,14.83,Yes
569,Mixed,19.5%,ml,0.30,45,21.66,Yes
569,Mixed,19.5%,ml_dynamic,0.10,17,8.41,Yes
570,Mixed,23.0%,ml,0.30,50,14.41,Yes
570,Mixed,23.0%,ml_dynamic,0.30,3,0,No
571,Mixed,22.3%,ml,0.40,22,12.24,Yes
571,Mixed,22.3%,ml_dynamic,0.10,33,15.41,Yes
572,Mixed,14.8%,ml,0.30,18,9.83,Yes
572,Mixed,14.8%,ml_dynamic,0.10,17,11.83,Yes
573,Mixed,23.0%,ml,0.40,28,16.83,Yes
573,Mixed,23.0%,ml_dynamic,0.30,15,17.14,Yes
574,Mixed,21.5%,ml,0.20,7,7.66,Yes
574,Mixed,21.5%,ml_dynamic,0.20,22,0,No
575,Mixed,23.3%,ml,0.20,20,12.24,Yes
575,Mixed,23.3%,ml_dynamic,0.20,13,13.66,Yes
576,Mixed,17.0%,ml,0.20,12,10.41,Yes
576,Mixed,17.0%,ml_dynamic,0.20,30,22.66,Yes
577,Mixed,18.0%,ml,0.40,25,17.24,Yes
577,Mixed,18.0%,ml_dynamic,0.10,16,10.83,Yes
578,Mixed,14.8%,ml,0.20,14,10.83,Yes
578,Mixed,14.8%,ml_dynamic,0.10,16,15.49,Yes
579,Mixed,13.0%,ml,0.10,9,8.00,Yes
579,Mixed,13.0%,ml_dynamic,0.10,21,14.24,Yes
580,Mixed,18.8%,ml,0.30,81,17.24,Yes
580,Mixed,18.8%,ml_dynamic,0.30,107,25.07,Yes
581,Mixed,20.0%,ml,0.20,26,16.66,Yes
581,Mixed,20.0%,ml_dynamic,0.10,13,9.41,Yes
582,Mixed,18.3%,ml,0.20,41,23.31,Yes
582,Mixed,18.3%,ml_dynamic,0.20,30,20.66,Yes
583,Mixed,11.8%,ml,0.20,12,11.83,Yes
583,Mixed,11.8%,ml_dynamic,0.20,20,19.14,Yes
584,Mixed,15.8%,ml,0.20,23,16.49,Yes
584,Mixed,15.8%,ml_dynamic,0.20,28,24.56,Yes
585,Mixed,24.8%,ml,0.10,32,12.83,Yes
585,Mixed,24.8%,ml_dynamic,0.20,13,7.41,Yes
586,Mixed,16.0%,ml,0.20,10,9.00,Yes
586,Mixed,16.0%,ml_dynamic,0.10,14,14.90,Yes
587,Mixed,23.0%,ml,0.20,22,19.49,Yes
587,Mixed,23.0%,ml_dynamic,0.30,42,16.41,Yes
588,Mixed,18.5%,ml,0.50,8,7.41,Yes
588,Mixed,18.5%,ml_dynamic,0.10,13,12.83,Yes
589,Mixed,24.5%,ml,0.10,15,13.41,Yes
589,Mixed,24.5%,ml_dynamic,0.10,19,14.83,Yes
590,Mixed,16.5%,ml,0.20,8,7.41,Yes
590,Mixed,16.5%,ml_dynamic,0.10,16,16.07,Yes
591,Mixed,20.3%,ml,0.10,7,0,No
591,Mixed,20.3%,ml_dynamic,0.00,8,7.41,Yes
592,Mixed,18.8%,ml,0.10,30,14.24,Yes
592,Mixed,18.8%,ml_dynamic,0.10,26,13.83,Yes
593,Mixed,14.0%,ml,0.20,9,8.66,Yes
593,Mixed,14.0%,ml_dynamic,0.20,18,12.24,Yes
594,Mixed,18.8%,ml,0.10,10,9.66,Yes
594,Mixed,18.8%,ml_dynamic,0.10,16,12.24,Yes
595,Mixed,14.2%,ml,0.20,15,13.49,Yes
595,Mixed,14.2%,ml_dynamic,0.20,13,8.41,Yes
596,Mixed,18.5%,ml,0.40,12,7.83,Yes
596,Mixed,18.5%,ml_dynamic,0.10,9,10.07,Yes
597,Mixed,22.3%,ml,0.10,21,24.56,Yes
597,Mixed,22.3%,ml_dynamic,0.20,9,8.41,Yes
598,Mixed,18.8%,ml,0.20,39,14.83,Yes
598,Mixed,18.8%,ml_dynamic,0.10,12,11.00,Yes
599,Mixed,13.3%,ml,0.20,18,17.73,Yes
599,Mixed,13.3%,ml_dynamic,0.10,10,10.49,Yes
600,Mixed,16.3%,ml,0.10,9,9.66,Yes
600,Mixed,16.3%,ml_dynamic,0.40,32,19.90,Yes
601,Mixed,28.7%,ml,0.30,22,11.83,Yes
601,Mixed,28.7%,ml_dynamic,0.10,10,10.24,Yes
602,Mixed,26.0%,ml,0.20,19,12.83,Yes
602,Mixed,26.0%,ml_dynamic,0.10,14,14.24,Yes
603,Mixed,24.3%,ml,0.30,14,9.66,Yes
603,Mixed,24.3%,ml_dynamic,0.30,15,11.24,Yes
604,Mixed,20.0%,ml,0.20,19,10.83,Yes
604,Mixed,20.0%,ml_dynamic,0.20,20,13.83,Yes
605,Mixed,23.5%,ml,0.60,69,25.83,Yes
605,Mixed,23.5%,ml_dynamic,0.20,38,14.24,Yes
606,Mixed,18.8%,ml,0.20,9,8.41,Yes
606,Mixed,18.8%,ml_dynamic,0.10,18,15.24,Yes
607,Mixed,35.5%,ml,0.90,227,0,No
607,Mixed,35.5%,ml_dynamic,0.10,11,0,No
608,Mixed,22.5%,ml,0.30,1,0,No
608,Mixed,22.5%,ml_dynamic,0.20,10,9.24,Yes
609,Mixed,24.5%,ml,0.30,24,12.83,Yes
609,Mixed,24.5%,ml_dynamic,0.20,24,20.83,Yes
610,Mixed,29.5%,ml,0.10,17,9.00,Yes
610,Mixed,29.5%,ml_dynamic,0.20,12,11.66,Yes
611,Mixed,30.3%,ml,0.10,24,14.41,Yes
611,Mixed,30.3%,ml_dynamic,0.20,32,10.83,Yes
612,Mixed,37.8%,ml,0.30,45,14.24,Yes
612,Mixed,37.8%,ml_dynamic,0.10,9,7.41,Yes
613,Mixed,32.8%,ml,0.20,11,10.41,Yes
613,Mixed,32.8%,ml_dynamic,0.20,24,14.83,Yes
614,Mixed,19.0%,ml,0.20,49,21.07,Yes
614,Mixed,19.0%,ml_dynamic,0.00,1,0,No
615,Mixed,29.5%,ml,0.20,37,16.07,Yes
615,Mixed,29.5%,ml_dynamic,0.00,15,10.83,Yes
616,Mixed,33.8%,ml,0.60,191,0,No
616,Mixed,33.8%,ml_dynamic,0.10,45,0,No
617,Mixed,16.5%,ml,0.20,29,13.83,Yes
617,Mixed,16.5%,ml_dynamic,0.10,11,11.07,Yes
618,Mixed,17.8%,ml,0.30,22,15.66,Yes
618,Mixed,17.8%,ml_dynamic,0.10,15,11.66,Yes
619,Mixed,31.3%,ml,0.20,11,12.49,Yes
619,Mixed,31.3%,ml_dynamic,0.20,28,10.66,Yes
620,Mixed,23.8%,ml,0.80,283,0,No
620,Mixed,23.8%,ml_dynamic,0.20,28,12.00,Yes
621,Mixed,27.8%,ml,0.90,271,0,No
621,Mixed,27.8%,ml_dynamic,0.00,14,13.24,Yes
622,Mixed,17.3%,ml,0.30,14,11.66,Yes
622,Mixed,17.3%,ml_dynamic,0.00,8,8.24,Yes
623,Mixed,21.8%,ml,0.10,11,9.41,Yes
623,Mixed,21.8%,ml_dynamic,0.10,13,12.66,Yes
624,Mixed,28.0%,ml,0.20,14,10.83,Yes
624,Mixed,28.0%,ml_dynamic,0.20,11,10.00,Yes
625,Mixed,23.8%,ml,0.20,12,7.83,Yes
625,Mixed,23.8%,ml_dynamic,0.20,8,8.66,Yes
626,Mixed,23.3%,ml,0.20,22,21.24,Yes
626,Mixed,23.3%,ml_dynamic,0.30,15,11.41,Yes
627,Mixed,29.3%,ml,0.30,46,18.66,Yes
627,Mixed,29.3%,ml_dynamic,0.20,50,23.49,Yes
628,Mixed,36.5%,ml,0.10,21,11.24,Yes
628,Mixed,36.5%,ml_dynamic,0.50,216,0,No
629,Mixed,19.8%,ml,0.30,18,15.24,Yes
629,Mixed,19.8%,ml_dynamic,0.00,36,20.83,Yes
630,Mixed,25.3%,ml,0.10,22,14.83,Yes
630,Mixed,25.3%,ml_dynamic,0.10,24,13.83,Yes
631,Mixed,24.3%,ml,0.20,55,16.49,Yes
631,Mixed,24.3%,ml_dynamic,0.20,24,10.00,Yes
632,Mixed,35.0%,ml,0.20,13,10.66,Yes
632,Mixed,35.0%,ml_dynamic,0.20,22,10.66,Yes
633,Mixed,33.3%,ml,0.20,14,12.66,Yes
633,Mixed,33.3%,ml_dynamic,0.50,222,0,No
634,Mixed,25.3%,ml,0.20,21,19.83,Yes
634,Mixed,25.3%,ml_dynamic,0.10,30,22.83,Yes
635,Mixed,24.5%,ml,0.20,16,15.41,Yes
635,Mixed,24.5%,ml_dynamic,0.10,21,14.24,Yes
636,Mixed,20.0%,ml,0.30,19,13.07,Yes
636,Mixed,20.0%,ml_dynamic,0.20,10,9.41,Yes
637,Mixed,33.0%,ml,0.10,18,10.83,Yes
637,Mixed,33.0%,ml_dynamic,0.10,40,13.83,Yes
638,Mixed,28.2%,ml,0.70,274,0,No
638,Mixed,28.2%,ml_dynamic,0.00,13,11.83,Yes
639,Mixed,27.0%,ml,0.20,11,7.83,Yes
639,Mixed,27.0%,ml_dynamic,0.10,8,8.24,Yes
640,Mixed,21.8%,ml,0.10,12,11.00,Yes
640,Mixed,21.8%,ml_dynamic,0.10,28,18.07,Yes
641,Mixed,31.3%,ml,0.10,17,10.83,Yes
641,Mixed,31.3%,ml_dynamic,0.20,66,30.90,Yes
642,Mixed,30.8%,ml,0.10,12,10.83,Yes
642,Mixed,30.8%,ml_dynamic,0.00,15,10.83,Yes
643,Mixed,23.0%,ml,0.20,58,29.49,Yes
643,Mixed,23.0%,ml_dynamic,0.20,19,14.66,Yes
644,Mixed,32.0%,ml,0.20,14,13.00,Yes
644,Mixed,32.0%,ml_dynamic,0.10,62,25.83,Yes
645,Mixed,20.5%,ml,0.20,10,11.49,Yes
645,Mixed,20.5%,ml_dynamic,0.30,27,17.41,Yes
646,Mixed,34.0%,ml,0.20,28,11.83,Yes
646,Mixed,34.0%,ml_dynamic,0.10,24,13.83,Yes
647,Mixed,28.2%,ml,0.20,20,17.66,Yes
647,Mixed,28.2%,ml_dynamic,0.10,13,10.41,Yes
648,Mixed,21.0%,ml,0.20,15,14.66,Yes
648,Mixed,21.0%,ml_dynamic,0.20,12,13.49,Yes
649,Mixed,24.0%,ml,0.30,38,25.07,Yes
649,Mixed,24.0%,ml_dynamic,0.10,26,21.07,Yes
650,Mixed,21.5%,ml,0.30,13,12.00,Yes
650,Mixed,21.5%,ml_dynamic,0.40,13,10.83,Yes
651,Mixed,27.3%,ml,0.20,15,15.24,Yes
651,Mixed,27.3%,ml_dynamic,0.10,8,7.41,Yes
652,Mixed,27.8%,ml,0.20,15,13.00,Yes
652,Mixed,27.8%,ml_dynamic,0.10,9,8.00,Yes
653,Mixed,24.0%,ml,0.20,27,25.66,Yes
653,Mixed,24.0%,ml_dynamic,0.10,8,7.41,Yes
654,Mixed,37.5%,ml,0.20,22,12.83,Yes
654,Mixed,37.5%,ml_dynamic,0.40,109,29.90,Yes
655,Mixed,29.3%,ml,0.30,50,15.49,Yes
655,Mixed,29.3%,ml_dynamic,0.20,8,7.83,Yes
656,Mixed,23.3%,ml,0.20,18,11.41,Yes
656,Mixed,23.3%,ml_dynamic,0.70,290,0,No
657,Mixed,35.5%,ml,0.40,227,0,No
657,Mixed,35.5%,ml_dynamic,0.10,29,13.66,Yes
658,Mixed,25.8%,ml,0.20,56,22.83,Yes
658,Mixed,25.8%,ml_dynamic,0.20,108,25.41,Yes
659,Mixed,23.0%,ml,0.00,19,11.24,Yes
659,Mixed,23.0%,ml_dynamic,0.00,12,11.83,Yes
660,Mixed,24.8%,ml,0.10,33,15.49,Yes
660,Mixed,24.8%,ml_dynamic,0.20,16,11.66,Yes
661,Mixed,29.5%,ml,0.10,8,7.00,Yes
661,Mixed,29.5%,ml_dynamic,0.10,61,23.07,Yes
662,Mixed,36.3%,ml,1.10,183,37.66,Yes
662,Mixed,36.3%,ml_dynamic,0.00,30,14.83,Yes
663,Mixed,41.5%,ml,0.10,42,26.66,Yes
663,Mixed,41.5%,ml_dynamic,0.10,15,8.83,Yes
664,Mixed,37.5%,ml,0.10,35,15.66,Yes
664,Mixed,37.5%,ml_dynamic,4.10,77,24.49,Yes
665,Mixed,26.0%,ml,0.20,48,16.83,Yes
665,Mixed,26.0%,ml_dynamic,0.00,12,13.07,Yes
666,Mixed,44.3%,ml,0.20,38,14.83,Yes
666,Mixed,44.3%,ml_dynamic,0.10,17,13.41,Yes
667,Mixed,22.5%,ml,0.10,8,8.24,Yes
667,Mixed,22.5%,ml_dynamic,0.10,8,7.83,Yes
668,Mixed,26.8%,ml,0.10,27,14.66,Yes
668,Mixed,26.8%,ml_dynamic,0.10,15,12.07,Yes
669,Mixed,33.5%,ml,0.10,13,13.49,Yes
669,Mixed,33.5%,ml_dynamic,0.10,20,20.90,Yes
670,Mixed,34.0%,ml,0.30,31,19.66,Yes
670,Mixed,34.0%,ml_dynamic,0.10,68,19.41,Yes
671,Mixed,39.0%,ml,0.20,50,18.66,Yes
671,Mixed,39.0%,ml_dynamic,0.10,1,0,No
672,Mixed,33.8%,ml,0.10,26,18.66,Yes
672,Mixed,33.8%,ml_dynamic,0.20,44,14.41,Yes
673,Mixed,27.8%,ml,0.70,279,0,No
673,Mixed,27.8%,ml_dynamic,0.10,55,20.24,Yes
674,Mixed,29.3%,ml,0.10,13,11.00,Yes
674,Mixed,29.3%,ml_dynamic,0.00,15,13.66,Yes
675,Mixed,28.7%,ml,0.20,16,17.07,Yes
675,Mixed,28.7%,ml_dynamic,0.10,27,18.83,Yes
676,Mixed,32.0%,ml,0.10,50,27.07,Yes
676,Mixed,32.0%,ml_dynamic,0.20,38,16.66,Yes
677,Mixed,32.5%,ml,0.20,27,23.73,Yes
677,Mixed,32.5%,ml_dynamic,0.10,20,11.24,Yes
678,Mixed,35.8%,ml,0.20,25,20.07,Yes
678,Mixed,35.8%,ml_dynamic,0.00,18,12.41,Yes
679,Mixed,27.0%,ml,0.10,8,8.66,Yes
679,Mixed,27.0%,ml_dynamic,0.10,90,18.83,Yes
680,Mixed,29.3%,ml,0.10,22,14.07,Yes
680,Mixed,29.3%,ml_dynamic,0.00,20,16.49,Yes
681,Mixed,29.5%,ml,0.10,16,9.83,Yes
681,Mixed,29.5%,ml_dynamic,0.10,27,15.83,Yes
682,Mixed,33.0%,ml,0.10,25,12.83,Yes
682,Mixed,33.0%,ml_dynamic,0.00,13,12.00,Yes
683,Mixed,30.8%,ml,0.10,8,8.24,Yes
683,Mixed,30.8%,ml_dynamic,0.10,9,9.24,Yes
684,Mixed,28.7%,ml,0.30,95,21.31,Yes
684,Mixed,28.7%,ml_dynamic,0.30,29,12.00,Yes
685,Mixed,30.0%,ml,0.20,40,26.66,Yes
685,Mixed,30.0%,ml_dynamic,0.20,12,11.83,Yes
686,Mixed,34.8%,ml,0.20,14,11.83,Yes
686,Mixed,34.8%,ml_dynamic,0.20,32,12.66,Yes
687,Mixed,29.0%,ml,0.20,14,11.66,Yes
687,Mixed,29.0%,ml_dynamic,0.10,33,14.24,Yes
688,Mixed,33.5%,ml,0.10,22,8.66,Yes
688,Mixed,33.5%,ml_dynamic,0.40,236,0,No
689,Mixed,40.3%,ml,0.10,21,0,No
689,Mixed,40.3%,ml_dynamic,0.10,20,16.66,Yes
690,Mixed,31.8%,ml,0.20,11,0,No
690,Mixed,31.8%,ml_dynamic,0.10,13,10.83,Yes
691,Mixed,31.0%,ml,0.30,27,20.31,Yes
691,Mixed,31.0%,ml_dynamic,0.10,19,11.41,Yes
692,Mixed,32.8%,ml,0.20,24,15.00,Yes
692,Mixed,32.8%,ml_dynamic,0.10,16,14.41,Yes
693,Mixed,26.0%,ml,0.20,10,7.83,Yes
693,Mixed,26.0%,ml_dynamic,0.10,17,15.24,Yes
694,Mixed,28.7%,ml,0.20,61,18.24,Yes
694,Mixed,28.7%,ml_dynamic,0.30,78,17.41,Yes
695,Mixed,32.8%,ml,0.20,28,20.66,Yes
695,Mixed,32.8%,ml_dynamic,0.10,1,0,No
696,Mixed,34.5%,ml,0.20,14,11.66,Yes
696,Mixed,34.5%,ml_dynamic,0.10,17,15.49,Yes
697,Mixed,33.3%,ml,0.20,19,18.66,Yes
697,Mixed,33.3%,ml_dynamic,0.30,66,22.07,Yes
698,Mixed,37.0%,ml,0.30,124,0,No
698,Mixed,37.0%,ml_dynamic,0.30,103,0,No
699,Mixed,35.8%,ml,0.20,72,31.90,Yes
699,Mixed,35.8%,ml_dynamic,0.20,16,15.00,Yes
700,Mixed,35.0%,ml,0.20,11,10.41,Yes
700,Mixed,35.0%,ml_dynamic,0.00,22,12.83,Yes
701,Mixed,35.5%,ml,0.20,10,9.83,Yes
701,Mixed,35.5%,ml_dynamic,1.30,220,0,No
702,Mixed,33.8%,ml,0.20,18,12.41,Yes
702,Mixed,33.8%,ml_dynamic,0.20,36,14.41,Yes
703,Mixed,29.5%,ml,0.20,8,7.41,Yes
703,Mixed,29.5%,ml_dynamic,0.20,20,20.31,Yes
704,Mixed,38.0%,ml,0.10,10,9.66,Yes
704,Mixed,38.0%,ml_dynamic,0.30,78,22.41,Yes
705,Mixed,32.8%,ml,0.30,13,10.41,Yes
705,Mixed,32.8%,ml_dynamic,0.20,30,17.07,Yes
706,Mixed,37.8%,ml,0.20,30,12.83,Yes
706,Mixed,37.8%,ml_dynamic,0.20,32,0,No
707,Mixed,24.0%,ml,0.20,16,12.83,Yes
707,Mixed,24.0%,ml_dynamic,0.10,7,7.66,Yes
708,Mixed,34.0%,ml,0.20,8,7.83,Yes
708,Mixed,34.0%,ml_dynamic,0.10,55,19.24,Yes
709,Mixed,34.5%,ml,0.20,2,0,No
709,Mixed,34.5%,ml_dynamic,0.30,8,7.41,Yes
710,Mixed,32.0%,ml,0.80,232,0,No
710,Mixed,32.0%,ml_dynamic,0.20,29,22.49,Yes
711,Mixed,35.0%,ml,0.20,49,22.24,Yes
711,Mixed,35.0%,ml_dynamic,0.20,101,21.66,Yes
712,Mixed,27.8%,ml,0.10,15,13.24,Yes
712,Mixed,27.8%,ml_dynamic,0.20,11,10.24,Yes
713,Mixed,29.3%,ml,0.20,22,20.07,Yes
713,Mixed,29.3%,ml_dynamic,0.20,54,18.24,Yes
714,Mixed,30.0%,ml,0.20,23,16.66,Yes
714,Mixed,30.0%,ml_dynamic,0.10,11,10.41,Yes
715,Mixed,34.8%,ml,0.60,238,0,No
715,Mixed,34.8%,ml_dynamic,0.20,28,18.00,Yes
716,Mixed,38.0%,ml,0.10,39,16.24,Yes
716,Mixed,38.0%,ml_dynamic,0.40,105,27.31,Yes
717,Mixed,21.5%,ml,0.30,13,13.66,Yes
717,Mixed,21.5%,ml_dynamic,0.20,42,22.24,Yes
718,Mixed,39.3%,ml,0.50,215,0,No
718,Mixed,39.3%,ml_dynamic,1.80,215,0,No
719,Mixed,25.8%,ml,0.30,76,21.07,Yes
719,Mixed,25.8%,ml_dynamic,0.20,8,8.24,Yes
720,Mixed,28.5%,ml,0.30,26,18.83,Yes
720,Mixed,28.5%,ml_dynamic,0.20,19,11.41,Yes
